Workbook

Sheet Master list
B1: Updated data | C1: 43868
A2: STT | B2: ScName | C2: Tên nhà thuốc | D2: Số điện thoại | E2: Địa chỉ | F2: Bài 1 | G2: Bài 2 | H2: Bài 3 | I2: Bài 4 | J2: Results | K2: Khu vuc | L2: ASM | M2: comment | N2: Count of Results | O2: ASM | U2: Count of Results
A3: 1 | B3: Phan Thi Thu Dong | C3: bao chau | D3: 0908770719 | E3: 436, P.08,Quận 10,Hồ Chí Minh | F3: =IFERROR(VLOOKUP(D3,[3]Bai1_VuotQua!$D$8:$I$143,6,FALSE),"NY") -> NY | G3: =IFERROR(VLOOKUP(D3,[3]Bai2_VuotQua!$D$8:$I$120,6,FALSE),"NY") -> NY | H3: =IFERROR(VLOOKUP(D3,[3]Bai3_VuotQua!$D$8:$I$122,6,FALSE),"NY") -> NY | I3: =IFERROR(VLOOKUP(D3,[3]Bai4_VuotQua!$D$8:$I$117,6,FALSE),"NY") -> NY | J3: =IF(AND(F3="done",G3="done",H3="done",I3="done"),"done all",IF(OR(AND(F3="done",G3="done",H3="done"),AND(F3="done",G3="done",I3="done"),AND(F3="done",H3="done",I3="done"),AND(G3="done",H3="done",I3="done")),"done 3 lession",IF(OR(AND(F3="done",G3="done"),AND(F3="done",H3="done"),AND(F3="done",I3="done"),AND(G3="done",H3="done"),AND(G3="done",I3="done"),AND(H3="done",I3="done")),"done 2 lession",IF(OR(F3="done",G3="done",H3="done",I3="done"),"done 1 lession","NY")))) -> NY | K3: =VLOOKUP($D3,[1]Bai1_View!$E$2:$J$177,5,FALSE) -> HCM | L3: =VLOOKUP($D3,[1]Bai1_View!$E$2:$J$177,6,FALSE) -> A. Tri | M3: =IFERROR(VLOOKUP(D3,[2]Hồng!$D$1:$M$21,10,FALSE),0) -> 0 | N3: Results | O3: A. Tuan | P3: A. Tho | Q3: A. Tri | R3: C. Quy | S3: Grand Total | U3: ASM | V3: Results | W3: Khu vuc | X3: Total
A4: 2 | B4: Nguyễn thị thắm | C4: nhà thuốc hải đăng | D4: 0982819628 | E4: 142 vũ trọng phụng, P.Nhân Chính,Thanh Xuân,Hà Nội | F4: =IFERROR(VLOOKUP(D4,[3]Bai1_VuotQua!$D$8:$I$143,6,FALSE),"NY") -> done | G4: =IFERROR(VLOOKUP(D4,[3]Bai2_VuotQua!$D$8:$I$120,6,FALSE),"NY") -> NY | H4: =IFERROR(VLOOKUP(D4,[3]Bai3_VuotQua!$D$8:$I$122,6,FALSE),"NY") -> NY | I4: =IFERROR(VLOOKUP(D4,[3]Bai4_VuotQua!$D$8:$I$117,6,FALSE),"NY") -> NY | J4: =IF(AND(F4="done",G4="done",H4="done",I4="done"),"done all",IF(OR(AND(F4="done",G4="done",H4="done"),AND(F4="done",G4="done",I4="done"),AND(F4="done",H4="done",I4="done"),AND(G4="done",H4="done",I4="done")),"done 3 lession",IF(OR(AND(F4="done",G4="done"),AND(F4="done",H4="done"),AND(F4="done",I4="done"),AND(G4="done",H4="done"),AND(G4="done",I4="done"),AND(H4="done",I4="done")),"done 2 lession",IF(OR(F4="done",G4="done",H4="done",I4="done"),"done 1 lession","NY")))) -> done 1 lession | K4: HN | L4: C. Quy | M4: =IFERROR(VLOOKUP(D4,[2]Hồng!$D$1:$M$21,10,FALSE),0) -> 0 | N4: done 1 lession | O4: 2 | P4: 14 | Q4: 9 | R4: 14 | S4: 39 | U4: A. Tuan | V4: done 1 lession | W4: Da Nang | X4: 1
A5: 3 | B5: Uong Thi Hoang Oanh | C5: NHA THUOC MINH TAM | D5: 0908555420 | E5: 475 BA HAT, P.08,Quận 10,Hồ Chí Minh | F5: =IFERROR(VLOOKUP(D5,[3]Bai1_VuotQua!$D$8:$I$143,6,FALSE),"NY") -> NY | G5: =IFERROR(VLOOKUP(D5,[3]Bai2_VuotQua!$D$8:$I$120,6,FALSE),"NY") -> NY | H5: =IFERROR(VLOOKUP(D5,[3]Bai3_VuotQua!$D$8:$I$122,6,FALSE),"NY") -> NY | I5: =IFERROR(VLOOKUP(D5,[3]Bai4_VuotQua!$D$8:$I$117,6,FALSE),"NY") -> NY | J5: =IF(AND(F5="done",G5="done",H5="done",I5="done"),"done all",IF(OR(AND(F5="done",G5="done",H5="done"),AND(F5="done",G5="done",I5="done"),AND(F5="done",H5="done",I5="done"),AND(G5="done",H5="done",I5="done")),"done 3 lession",IF(OR(AND(F5="done",G5="done"),AND(F5="done",H5="done"),AND(F5="done",I5="done"),AND(G5="done",H5="done"),AND(G5="done",I5="done"),AND(H5="done",I5="done")),"done 2 lession",IF(OR(F5="done",G5="done",H5="done",I5="done"),"done 1 lession","NY")))) -> NY | K5: =VLOOKUP($D5,[1]Bai1_View!$E$2:$J$177,5,FALSE) -> HCM | L5: =VLOOKUP($D5,[1]Bai1_View!$E$2:$J$177,6,FALSE) -> A. Tri | M5: =IFERROR(VLOOKUP(D5,[2]Hồng!$D$1:$M$21,10,FALSE),0) -> 0 | N5: done 2 lession | P5: 5 | Q5: 4 | R5: 6 | S5: 15 | W5: Thanh Hoa | X5: 1
A6: 4 | B6: Nguyễn văn lợi | C6: nhà thuốc hữu nghị | D6: 0384880866 | E6: 174 hạ đình, P.Thanh Xuân Trung,Thanh Xuân,Hà Nội | F6: =IFERROR(VLOOKUP(D6,[3]Bai1_VuotQua!$D$8:$I$143,6,FALSE),"NY") -> NY | G6: =IFERROR(VLOOKUP(D6,[3]Bai2_VuotQua!$D$8:$I$120,6,FALSE),"NY") -> NY | H6: =IFERROR(VLOOKUP(D6,[3]Bai3_VuotQua!$D$8:$I$122,6,FALSE),"NY") -> NY | I6: =IFERROR(VLOOKUP(D6,[3]Bai4_VuotQua!$D$8:$I$117,6,FALSE),"NY") -> NY | J6: =IF(AND(F6="done",G6="done",H6="done",I6="done"),"done all",IF(OR(AND(F6="done",G6="done",H6="done"),AND(F6="done",G6="done",I6="done"),AND(F6="done",H6="done",I6="done"),AND(G6="done",H6="done",I6="done")),"done 3 lession",IF(OR(AND(F6="done",G6="done"),AND(F6="done",H6="done"),AND(F6="done",I6="done"),AND(G6="done",H6="done"),AND(G6="done",I6="done"),AND(H6="done",I6="done")),"done 2 lession",IF(OR(F6="done",G6="done",H6="done",I6="done"),"done 1 lession","NY")))) -> NY | K6: HN | L6: C. Quy | M6: =IFERROR(VLOOKUP(D6,[2]Hồng!$D$1:$M$21,10,FALSE),0) -> 0 | N6: done 3 lession | P6: 6 | Q6: 4 | R6: 5 | S6: 15 | V6: NY | W6: Da Nang | X6: 1
A7: 5 | B7: Vũ Thị Diên | C7: NT Thái Hà | D7: 0906012898 | E7: 86 Lò Đúc, P.Phạm Đình Hổ,Hai Bà Trưng,Hà Nội | F7: =IFERROR(VLOOKUP(D7,[3]Bai1_VuotQua!$D$8:$I$143,6,FALSE),"NY") -> done | G7: =IFERROR(VLOOKUP(D7,[3]Bai2_VuotQua!$D$8:$I$120,6,FALSE),"NY") -> NY | H7: =IFERROR(VLOOKUP(D7,[3]Bai3_VuotQua!$D$8:$I$122,6,FALSE),"NY") -> NY | I7: =IFERROR(VLOOKUP(D7,[3]Bai4_VuotQua!$D$8:$I$117,6,FALSE),"NY") -> NY | J7: =IF(AND(F7="done",G7="done",H7="done",I7="done"),"done all",IF(OR(AND(F7="done",G7="done",H7="done"),AND(F7="done",G7="done",I7="done"),AND(F7="done",H7="done",I7="done"),AND(G7="done",H7="done",I7="done")),"done 3 lession",IF(OR(AND(F7="done",G7="done"),AND(F7="done",H7="done"),AND(F7="done",I7="done"),AND(G7="done",H7="done"),AND(G7="done",I7="done"),AND(H7="done",I7="done")),"done 2 lession",IF(OR(F7="done",G7="done",H7="done",I7="done"),"done 1 lession","NY")))) -> done 1 lession | K7: =VLOOKUP($D7,[1]Bai1_View!$E$2:$J$177,5,FALSE) -> HN | L7: =VLOOKUP($D7,[1]Bai1_View!$E$2:$J$177,6,FALSE) -> C. Quy | M7: =IFERROR(VLOOKUP(D7,[2]Hồng!$D$1:$M$21,10,FALSE),0) -> 0 | N7: done all | P7: 35 | Q7: 17 | R7: 40 | S7: 92 | W7: Ha Tinh | X7: 1
A8: 6 | B8: nguyen thi thu hien | C8: nha thuoc huong dung | D8: 0352494097 | E8: 72a/5 ph9 phuong tan bien, P.Tân Biên,Biên Hòa,Đồng Nai | F8: =IFERROR(VLOOKUP(D8,[3]Bai1_VuotQua!$D$8:$I$143,6,FALSE),"NY") -> done | G8: =IFERROR(VLOOKUP(D8,[3]Bai2_VuotQua!$D$8:$I$120,6,FALSE),"NY") -> NY | H8: =IFERROR(VLOOKUP(D8,[3]Bai3_VuotQua!$D$8:$I$122,6,FALSE),"NY") -> NY | I8: =IFERROR(VLOOKUP(D8,[3]Bai4_VuotQua!$D$8:$I$117,6,FALSE),"NY") -> NY | J8: =IF(AND(F8="done",G8="done",H8="done",I8="done"),"done all",IF(OR(AND(F8="done",G8="done",H8="done"),AND(F8="done",G8="done",I8="done"),AND(F8="done",H8="done",I8="done"),AND(G8="done",H8="done",I8="done")),"done 3 lession",IF(OR(AND(F8="done",G8="done"),AND(F8="done",H8="done"),AND(F8="done",I8="done"),AND(G8="done",H8="done"),AND(G8="done",I8="done"),AND(H8="done",I8="done")),"done 2 lession",IF(OR(F8="done",G8="done",H8="done",I8="done"),"done 1 lession","NY")))) -> done 1 lession | K8: =VLOOKUP($D8,[1]Bai1_View!$E$2:$J$177,5,FALSE) -> Đồng Nai | L8: =VLOOKUP($D8,[1]Bai1_View!$E$2:$J$177,6,FALSE) -> A. Tho | M8: =IFERROR(VLOOKUP(D8,[2]Hồng!$D$1:$M$21,10,FALSE),0) -> 0 | N8: NY | O8: 9 | P8: 24 | Q8: 45 | R8: 43 | S8: 121 | W8: Hải Phòng | X8: 1
A9: 7 | B9: Nguyen anh phuong | C9: nt an huy so 8 | D9: 0356952959 | E9: Khu do thi thanh thai, P.Dịch Vọng,Cầu Giấy,Hà Nội | F9: =IFERROR(VLOOKUP(D9,[3]Bai1_VuotQua!$D$8:$I$143,6,FALSE),"NY") -> NY | G9: =IFERROR(VLOOKUP(D9,[3]Bai2_VuotQua!$D$8:$I$120,6,FALSE),"NY") -> NY | H9: =IFERROR(VLOOKUP(D9,[3]Bai3_VuotQua!$D$8:$I$122,6,FALSE),"NY") -> done | I9: =IFERROR(VLOOKUP(D9,[3]Bai4_VuotQua!$D$8:$I$117,6,FALSE),"NY") -> NY | J9: =IF(AND(F9="done",G9="done",H9="done",I9="done"),"done all",IF(OR(AND(F9="done",G9="done",H9="done"),AND(F9="done",G9="done",I9="done"),AND(F9="done",H9="done",I9="done"),AND(G9="done",H9="done",I9="done")),"done 3 lession",IF(OR(AND(F9="done",G9="done"),AND(F9="done",H9="done"),AND(F9="done",I9="done"),AND(G9="done",H9="done"),AND(G9="done",I9="done"),AND(H9="done",I9="done")),"done 2 lession",IF(OR(F9="done",G9="done",H9="done",I9="done"),"done 1 lession","NY")))) -> done 1 lession | K9: HN | L9: C. Quy | M9: =IFERROR(VLOOKUP(D9,[2]Hồng!$D$1:$M$21,10,FALSE),0) -> 0 | N9: Grand Total | O9: 11 | P9: 84 | Q9: 79 | R9: 108 | S9: 282 | W9: Nghệ An | X9: 3
A10: 8 | B10: Nguyễn thị trang | C10: nhà thuốc hồ anh tuấn | D10: 0859363616 | E10: Tầng 1 - 17T4 trung hoà, P.Nhân Chính,Thanh Xuân,Hà Nội | F10: =IFERROR(VLOOKUP(D10,[3]Bai1_VuotQua!$D$8:$I$143,6,FALSE),"NY") -> NY | G10: =IFERROR(VLOOKUP(D10,[3]Bai2_VuotQua!$D$8:$I$120,6,FALSE),"NY") -> NY | H10: =IFERROR(VLOOKUP(D10,[3]Bai3_VuotQua!$D$8:$I$122,6,FALSE),"NY") -> NY | I10: =IFERROR(VLOOKUP(D10,[3]Bai4_VuotQua!$D$8:$I$117,6,FALSE),"NY") -> NY | J10: =IF(AND(F10="done",G10="done",H10="done",I10="done"),"done all",IF(OR(AND(F10="done",G10="done",H10="done"),AND(F10="done",G10="done",I10="done"),AND(F10="done",H10="done",I10="done"),AND(G10="done",H10="done",I10="done")),"done 3 lession",IF(OR(AND(F10="done",G10="done"),AND(F10="done",H10="done"),AND(F10="done",I10="done"),AND(G10="done",H10="done"),AND(G10="done",I10="done"),AND(H10="done",I10="done")),"done 2 lession",IF(OR(F10="done",G10="done",H10="done",I10="done"),"done 1 lession","NY")))) -> NY | K10: HN | L10: C. Quy | M10: =IFERROR(VLOOKUP(D10,[2]Hồng!$D$1:$M$21,10,FALSE),0) -> 0 | W10: Phú Thọ | X10: 3
A11: 9 | B11: 19339 | C11: nt 110 vinh tuy | D11: 0966046385 | E11: 36hoang cau, P.Ô Chợ Dừa,Đống Đa,Hà Nội | F11: =IFERROR(VLOOKUP(D11,[3]Bai1_VuotQua!$D$8:$I$143,6,FALSE),"NY") -> NY | G11: =IFERROR(VLOOKUP(D11,[3]Bai2_VuotQua!$D$8:$I$120,6,FALSE),"NY") -> NY | H11: =IFERROR(VLOOKUP(D11,[3]Bai3_VuotQua!$D$8:$I$122,6,FALSE),"NY") -> NY | I11: =IFERROR(VLOOKUP(D11,[3]Bai4_VuotQua!$D$8:$I$117,6,FALSE),"NY") -> NY | J11: =IF(AND(F11="done",G11="done",H11="done",I11="done"),"done all",IF(OR(AND(F11="done",G11="done",H11="done"),AND(F11="done",G11="done",I11="done"),AND(F11="done",H11="done",I11="done"),AND(G11="done",H11="done",I11="done")),"done 3 lession",IF(OR(AND(F11="done",G11="done"),AND(F11="done",H11="done"),AND(F11="done",I11="done"),AND(G11="done",H11="done"),AND(G11="done",I11="done"),AND(H11="done",I11="done")),"done 2 lession",IF(OR(F11="done",G11="done",H11="done",I11="done"),"done 1 lession","NY")))) -> NY | K11: HN | L11: C. Quy | M11: =IFERROR(VLOOKUP(D11,[2]Hồng!$D$1:$M$21,10,FALSE),0) -> 0 | U11: A. Tuan Total | X11: 11
A12: 10 | B12: Phan thị Huệ | C12: nhà thuốc Đức cường | D12: 0362225885 | E12: 35 cũ nay 251 Trần Đại Nghĩa, P.Đồng Tâm,Hai Bà Trưng,Hà Nội | F12: =IFERROR(VLOOKUP(D12,[3]Bai1_VuotQua!$D$8:$I$143,6,FALSE),"NY") -> done | G12: =IFERROR(VLOOKUP(D12,[3]Bai2_VuotQua!$D$8:$I$120,6,FALSE),"NY") -> done | H12: =IFERROR(VLOOKUP(D12,[3]Bai3_VuotQua!$D$8:$I$122,6,FALSE),"NY") -> done | I12: =IFERROR(VLOOKUP(D12,[3]Bai4_VuotQua!$D$8:$I$117,6,FALSE),"NY") -> done | J12: =IF(AND(F12="done",G12="done",H12="done",I12="done"),"done all",IF(OR(AND(F12="done",G12="done",H12="done"),AND(F12="done",G12="done",I12="done"),AND(F12="done",H12="done",I12="done"),AND(G12="done",H12="done",I12="done")),"done 3 lession",IF(OR(AND(F12="done",G12="done"),AND(F12="done",H12="done"),AND(F12="done",I12="done"),AND(G12="done",H12="done"),AND(G12="done",I12="done"),AND(H12="done",I12="done")),"done 2 lession",IF(OR(F12="done",G12="done",H12="done",I12="done"),"done 1 lession","NY")))) -> done all | K12: =VLOOKUP($D12,[1]Bai1_View!$E$2:$J$177,5,FALSE) -> HN | L12: =VLOOKUP($D12,[1]Bai1_View!$E$2:$J$177,6,FALSE) -> C. Quy | M12: =IFERROR(VLOOKUP(D12,[2]Hồng!$D$1:$M$21,10,FALSE),0) -> ok | N12: Count of Results | U12: A. Tho | V12: done 1 lession | W12: An Giang | X12: 2
A13: 11 | B13: nguyễn khắc dũng | C13: nhà thuốc minh hồng 2 | D13: 0986891582 | E13: 204 Hoàng Văn Thái, P.Nhân Chính,Thanh Xuân,Hà Nội | F13: =IFERROR(VLOOKUP(D13,[3]Bai1_VuotQua!$D$8:$I$143,6,FALSE),"NY") -> done | G13: =IFERROR(VLOOKUP(D13,[3]Bai2_VuotQua!$D$8:$I$120,6,FALSE),"NY") -> NY | H13: =IFERROR(VLOOKUP(D13,[3]Bai3_VuotQua!$D$8:$I$122,6,FALSE),"NY") -> NY | I13: =IFERROR(VLOOKUP(D13,[3]Bai4_VuotQua!$D$8:$I$117,6,FALSE),"NY") -> done | J13: =IF(AND(F13="done",G13="done",H13="done",I13="done"),"done all",IF(OR(AND(F13="done",G13="done",H13="done"),AND(F13="done",G13="done",I13="done"),AND(F13="done",H13="done",I13="done"),AND(G13="done",H13="done",I13="done")),"done 3 lession",IF(OR(AND(F13="done",G13="done"),AND(F13="done",H13="done"),AND(F13="done",I13="done"),AND(G13="done",H13="done"),AND(G13="done",I13="done"),AND(H13="done",I13="done")),"done 2 lession",IF(OR(F13="done",G13="done",H13="done",I13="done"),"done 1 lession","NY")))) -> done 2 lession | K13: HN | L13: C. Quy | M13: =IFERROR(VLOOKUP(D13,[2]Hồng!$D$1:$M$21,10,FALSE),0) -> 0 | N13: Results | O13: Total | W13: Bình Dương | X13: 1
A14: 12 | B14: Lê Thu Hà | C14: NT Ngân Hà | D14: 0937234829 | E14: Cong quynh, P.Phạm Ngũ Lão,Quận 1,Hồ Chí Minh | F14: =IFERROR(VLOOKUP(D14,[3]Bai1_VuotQua!$D$8:$I$143,6,FALSE),"NY") -> done | G14: =IFERROR(VLOOKUP(D14,[3]Bai2_VuotQua!$D$8:$I$120,6,FALSE),"NY") -> done | H14: =IFERROR(VLOOKUP(D14,[3]Bai3_VuotQua!$D$8:$I$122,6,FALSE),"NY") -> done | I14: =IFERROR(VLOOKUP(D14,[3]Bai4_VuotQua!$D$8:$I$117,6,FALSE),"NY") -> done | J14: =IF(AND(F14="done",G14="done",H14="done",I14="done"),"done all",IF(OR(AND(F14="done",G14="done",H14="done"),AND(F14="done",G14="done",I14="done"),AND(F14="done",H14="done",I14="done"),AND(G14="done",H14="done",I14="done")),"done 3 lession",IF(OR(AND(F14="done",G14="done"),AND(F14="done",H14="done"),AND(F14="done",I14="done"),AND(G14="done",H14="done"),AND(G14="done",I14="done"),AND(H14="done",I14="done")),"done 2 lession",IF(OR(F14="done",G14="done",H14="done",I14="done"),"done 1 lession","NY")))) -> done all | K14: =VLOOKUP($D14,[1]Bai1_View!$E$2:$J$177,5,FALSE) -> HCM | L14: =VLOOKUP($D14,[1]Bai1_View!$E$2:$J$177,6,FALSE) -> A. Tri | M14: =IFERROR(VLOOKUP(D14,[2]Hồng!$D$1:$M$21,10,FALSE),0) -> 0 | N14: done 1 lession | O14: 39 | W14: Cần Thơ | X14: 1
A15: 13 | B15: Nguyễn Bích Thảo | C15: Nhà thuốc Thanh Tâm | D15: 0915960698 | E15: 105/168, P.Ngọc Khánh,Ba Đình,Hà Nội | F15: =IFERROR(VLOOKUP(D15,[3]Bai1_VuotQua!$D$8:$I$143,6,FALSE),"NY") -> done | G15: =IFERROR(VLOOKUP(D15,[3]Bai2_VuotQua!$D$8:$I$120,6,FALSE),"NY") -> done | H15: =IFERROR(VLOOKUP(D15,[3]Bai3_VuotQua!$D$8:$I$122,6,FALSE),"NY") -> done | I15: =IFERROR(VLOOKUP(D15,[3]Bai4_VuotQua!$D$8:$I$117,6,FALSE),"NY") -> NY | J15: =IF(AND(F15="done",G15="done",H15="done",I15="done"),"done all",IF(OR(AND(F15="done",G15="done",H15="done"),AND(F15="done",G15="done",I15="done"),AND(F15="done",H15="done",I15="done"),AND(G15="done",H15="done",I15="done")),"done 3 lession",IF(OR(AND(F15="done",G15="done"),AND(F15="done",H15="done"),AND(F15="done",I15="done"),AND(G15="done",H15="done"),AND(G15="done",I15="done"),AND(H15="done",I15="done")),"done 2 lession",IF(OR(F15="done",G15="done",H15="done",I15="done"),"done 1 lession","NY")))) -> done 3 lession | K15: HN | L15: C. Quy | M15: =IFERROR(VLOOKUP(D15,[2]Hồng!$D$1:$M$21,10,FALSE),0) -> 0 | N15: done 2 lession | O15: 15 | W15: Đăk Lăk | X15: 3
A16: 14 | B16: trần thị thơm | C16: quầy thuốc số 11 | D16: 0978974964 | E16: quốc lộ 14, P.Pơng Drang,Krông Búk,Đắk Lắk | F16: =IFERROR(VLOOKUP(D16,[3]Bai1_VuotQua!$D$8:$I$143,6,FALSE),"NY") -> NY | G16: =IFERROR(VLOOKUP(D16,[3]Bai2_VuotQua!$D$8:$I$120,6,FALSE),"NY") -> done | H16: =IFERROR(VLOOKUP(D16,[3]Bai3_VuotQua!$D$8:$I$122,6,FALSE),"NY") -> done | I16: =IFERROR(VLOOKUP(D16,[3]Bai4_VuotQua!$D$8:$I$117,6,FALSE),"NY") -> done | J16: =IF(AND(F16="done",G16="done",H16="done",I16="done"),"done all",IF(OR(AND(F16="done",G16="done",H16="done"),AND(F16="done",G16="done",I16="done"),AND(F16="done",H16="done",I16="done"),AND(G16="done",H16="done",I16="done")),"done 3 lession",IF(OR(AND(F16="done",G16="done"),AND(F16="done",H16="done"),AND(F16="done",I16="done"),AND(G16="done",H16="done"),AND(G16="done",I16="done"),AND(H16="done",I16="done")),"done 2 lession",IF(OR(F16="done",G16="done",H16="done",I16="done"),"done 1 lession","NY")))) -> done 3 lession | K16: =VLOOKUP($D16,[1]Bai1_View!$E$2:$J$177,5,FALSE) -> Đăk Lăk | L16: =VLOOKUP($D16,[1]Bai1_View!$E$2:$J$177,6,FALSE) -> A. Tho | M16: =IFERROR(VLOOKUP(D16,[2]Hồng!$D$1:$M$21,10,FALSE),0) -> 0 | N16: done 3 lession | O16: 15 | W16: Đồng Nai | X16: 3
A17: 15 | B17: Vn-Location-3839 | C17: NT Ngọc Việt | D17: 0902117077 | E17: 198 Xã Đàn, P.Ô Chợ Dừa,Đống Đa,Hà Nội | F17: =IFERROR(VLOOKUP(D17,[3]Bai1_VuotQua!$D$8:$I$143,6,FALSE),"NY") -> done | G17: =IFERROR(VLOOKUP(D17,[3]Bai2_VuotQua!$D$8:$I$120,6,FALSE),"NY") -> done | H17: =IFERROR(VLOOKUP(D17,[3]Bai3_VuotQua!$D$8:$I$122,6,FALSE),"NY") -> done | I17: =IFERROR(VLOOKUP(D17,[3]Bai4_VuotQua!$D$8:$I$117,6,FALSE),"NY") -> done | J17: =IF(AND(F17="done",G17="done",H17="done",I17="done"),"done all",IF(OR(AND(F17="done",G17="done",H17="done"),AND(F17="done",G17="done",I17="done"),AND(F17="done",H17="done",I17="done"),AND(G17="done",H17="done",I17="done")),"done 3 lession",IF(OR(AND(F17="done",G17="done"),AND(F17="done",H17="done"),AND(F17="done",I17="done"),AND(G17="done",H17="done"),AND(G17="done",I17="done"),AND(H17="done",I17="done")),"done 2 lession",IF(OR(F17="done",G17="done",H17="done",I17="done"),"done 1 lession","NY")))) -> done all | K17: =VLOOKUP($D17,[1]Bai1_View!$E$2:$J$177,5,FALSE) -> HN | L17: =VLOOKUP($D17,[1]Bai1_View!$E$2:$J$177,6,FALSE) -> C. Quy | M17: =IFERROR(VLOOKUP(D17,[2]Hồng!$D$1:$M$21,10,FALSE),0) -> 0 | N17: done all | O17: 92 | W17: Khánh Hòa | X17: 4
A18: 16 | B18: Vũ Hồng Mỹ | C18: Nhà thuốc Long | D18: 0903325275 | E18: 12, P.Đội Cấn,Ba Đình,Hà Nội | F18: =IFERROR(VLOOKUP(D18,[3]Bai1_VuotQua!$D$8:$I$143,6,FALSE),"NY") -> done | G18: =IFERROR(VLOOKUP(D18,[3]Bai2_VuotQua!$D$8:$I$120,6,FALSE),"NY") -> done | H18: =IFERROR(VLOOKUP(D18,[3]Bai3_VuotQua!$D$8:$I$122,6,FALSE),"NY") -> done | I18: =IFERROR(VLOOKUP(D18,[3]Bai4_VuotQua!$D$8:$I$117,6,FALSE),"NY") -> done | J18: =IF(AND(F18="done",G18="done",H18="done",I18="done"),"done all",IF(OR(AND(F18="done",G18="done",H18="done"),AND(F18="done",G18="done",I18="done"),AND(F18="done",H18="done",I18="done"),AND(G18="done",H18="done",I18="done")),"done 3 lession",IF(OR(AND(F18="done",G18="done"),AND(F18="done",H18="done"),AND(F18="done",I18="done"),AND(G18="done",H18="done"),AND(G18="done",I18="done"),AND(H18="done",I18="done")),"done 2 lession",IF(OR(F18="done",G18="done",H18="done",I18="done"),"done 1 lession","NY")))) -> done all | K18: HN | L18: C. Quy | M18: =IFERROR(VLOOKUP(D18,[2]Hồng!$D$1:$M$21,10,FALSE),0) -> 0 | N18: NY | O18: 121 | V18: done 2 lession | W18: Cần Thơ | X18: 1
A19: 17 | B19: la kim ngọc | C19: NHA THUOC MINH KHANG 2 | D19: 0704968018 | E19: 110/12 NGUYEN VIET HONG- P. AN PHU, P.An Phú,Ninh Kiều,Cần Thơ | F19: =IFERROR(VLOOKUP(D19,[3]Bai1_VuotQua!$D$8:$I$143,6,FALSE),"NY") -> NY | G19: =IFERROR(VLOOKUP(D19,[3]Bai2_VuotQua!$D$8:$I$120,6,FALSE),"NY") -> done | H19: =IFERROR(VLOOKUP(D19,[3]Bai3_VuotQua!$D$8:$I$122,6,FALSE),"NY") -> done | I19: =IFERROR(VLOOKUP(D19,[3]Bai4_VuotQua!$D$8:$I$117,6,FALSE),"NY") -> done | J19: =IF(AND(F19="done",G19="done",H19="done",I19="done"),"done all",IF(OR(AND(F19="done",G19="done",H19="done"),AND(F19="done",G19="done",I19="done"),AND(F19="done",H19="done",I19="done"),AND(G19="done",H19="done",I19="done")),"done 3 lession",IF(OR(AND(F19="done",G19="done"),AND(F19="done",H19="done"),AND(F19="done",I19="done"),AND(G19="done",H19="done"),AND(G19="done",I19="done"),AND(H19="done",I19="done")),"done 2 lession",IF(OR(F19="done",G19="done",H19="done",I19="done"),"done 1 lession","NY")))) -> done 3 lession | K19: =VLOOKUP($D19,[1]Bai1_View!$E$2:$J$177,5,FALSE) -> Cần Thơ | L19: =VLOOKUP($D19,[1]Bai1_View!$E$2:$J$177,6,FALSE) -> A. Tho | M19: =IFERROR(VLOOKUP(D19,[2]Hồng!$D$1:$M$21,10,FALSE),0) -> 0 | N19: Grand Total | O19: 282 | W19: Đăk Lăk | X19: 1
A20: 18 | B20: NGUYỄN KHẮC QUỐC ĐẠT | C20: NHÀ THUỐC BẢO THI 3 | D20: 0907089624 | E20: 79D4, Khu Vực Thạnh Mỹ, P.Thường Thạnh,Cái Răng,Cần Thơ | F20: =IFERROR(VLOOKUP(D20,[3]Bai1_VuotQua!$D$8:$I$143,6,FALSE),"NY") -> done | G20: =IFERROR(VLOOKUP(D20,[3]Bai2_VuotQua!$D$8:$I$120,6,FALSE),"NY") -> done | H20: =IFERROR(VLOOKUP(D20,[3]Bai3_VuotQua!$D$8:$I$122,6,FALSE),"NY") -> done | I20: =IFERROR(VLOOKUP(D20,[3]Bai4_VuotQua!$D$8:$I$117,6,FALSE),"NY") -> done | J20: =IF(AND(F20="done",G20="done",H20="done",I20="done"),"done all",IF(OR(AND(F20="done",G20="done",H20="done"),AND(F20="done",G20="done",I20="done"),AND(F20="done",H20="done",I20="done"),AND(G20="done",H20="done",I20="done")),"done 3 lession",IF(OR(AND(F20="done",G20="done"),AND(F20="done",H20="done"),AND(F20="done",I20="done"),AND(G20="done",H20="done"),AND(G20="done",I20="done"),AND(H20="done",I20="done")),"done 2 lession",IF(OR(F20="done",G20="done",H20="done",I20="done"),"done 1 lession","NY")))) -> done all | K20: =VLOOKUP($D20,[1]Bai1_View!$E$2:$J$177,5,FALSE) -> Cần Thơ | L20: =VLOOKUP($D20,[1]Bai1_View!$E$2:$J$177,6,FALSE) -> A. Tho | M20: =IFERROR(VLOOKUP(D20,[2]Hồng!$D$1:$M$21,10,FALSE),0) -> 0 | W20: Đồng Nai | X20: 2
A21: 19 | B21: Phạm Thị Sắc | C21: nhà thuốc Lê Thị Trà Giang | D21: 0335720069 | E21: 626 minh khai, P.Vĩnh Tuy,Hai Bà Trưng,Hà Nội | F21: =IFERROR(VLOOKUP(D21,[3]Bai1_VuotQua!$D$8:$I$143,6,FALSE),"NY") -> done | G21: =IFERROR(VLOOKUP(D21,[3]Bai2_VuotQua!$D$8:$I$120,6,FALSE),"NY") -> NY | H21: =IFERROR(VLOOKUP(D21,[3]Bai3_VuotQua!$D$8:$I$122,6,FALSE),"NY") -> NY | I21: =IFERROR(VLOOKUP(D21,[3]Bai4_VuotQua!$D$8:$I$117,6,FALSE),"NY") -> NY | J21: =IF(AND(F21="done",G21="done",H21="done",I21="done"),"done all",IF(OR(AND(F21="done",G21="done",H21="done"),AND(F21="done",G21="done",I21="done"),AND(F21="done",H21="done",I21="done"),AND(G21="done",H21="done",I21="done")),"done 3 lession",IF(OR(AND(F21="done",G21="done"),AND(F21="done",H21="done"),AND(F21="done",I21="done"),AND(G21="done",H21="done"),AND(G21="done",I21="done"),AND(H21="done",I21="done")),"done 2 lession",IF(OR(F21="done",G21="done",H21="done",I21="done"),"done 1 lession","NY")))) -> done 1 lession | K21: =VLOOKUP($D21,[1]Bai1_View!$E$2:$J$177,5,FALSE) -> HN | L21: =VLOOKUP($D21,[1]Bai1_View!$E$2:$J$177,6,FALSE) -> C. Quy | M21: =IFERROR(VLOOKUP(D21,[2]Hồng!$D$1:$M$21,10,FALSE),0) -> 0 | W21: Đồng Tháp | X21: 1
A22: 20 | B22: Nguyễn thị mỹ phúc | C22: Nhà thuốc Trường Phúc | D22: 0934567663 | E22: Trần Hưng Đạo, P.Mỹ Thới,Long Xuyên,An Giang | F22: =IFERROR(VLOOKUP(D22,[3]Bai1_VuotQua!$D$8:$I$143,6,FALSE),"NY") -> NY | G22: =IFERROR(VLOOKUP(D22,[3]Bai2_VuotQua!$D$8:$I$120,6,FALSE),"NY") -> NY | H22: =IFERROR(VLOOKUP(D22,[3]Bai3_VuotQua!$D$8:$I$122,6,FALSE),"NY") -> NY | I22: =IFERROR(VLOOKUP(D22,[3]Bai4_VuotQua!$D$8:$I$117,6,FALSE),"NY") -> NY | J22: =IF(AND(F22="done",G22="done",H22="done",I22="done"),"done all",IF(OR(AND(F22="done",G22="done",H22="done"),AND(F22="done",G22="done",I22="done"),AND(F22="done",H22="done",I22="done"),AND(G22="done",H22="done",I22="done")),"done 3 lession",IF(OR(AND(F22="done",G22="done"),AND(F22="done",H22="done"),AND(F22="done",I22="done"),AND(G22="done",H22="done"),AND(G22="done",I22="done"),AND(H22="done",I22="done")),"done 2 lession",IF(OR(F22="done",G22="done",H22="done",I22="done"),"done 1 lession","NY")))) -> NY | K22: =VLOOKUP($D22,[1]Bai1_View!$E$2:$J$177,5,FALSE) -> An Giang | L22: =VLOOKUP($D22,[1]Bai1_View!$E$2:$J$177,6,FALSE) -> A. Tho | M22: =IFERROR(VLOOKUP(D22,[2]Hồng!$D$1:$M$21,10,FALSE),0) -> 0 | V22: done 3 lession | W22: Cần Thơ | X22: 1
A23: 21 | B23: Loan | C23: test | D23: 0766855066 | E23: 178, P.Tân An,Ninh Kiều,Cần Thơ | F23: =IFERROR(VLOOKUP(D23,[3]Bai1_VuotQua!$D$8:$I$143,6,FALSE),"NY") -> done | G23: =IFERROR(VLOOKUP(D23,[3]Bai2_VuotQua!$D$8:$I$120,6,FALSE),"NY") -> done | H23: =IFERROR(VLOOKUP(D23,[3]Bai3_VuotQua!$D$8:$I$122,6,FALSE),"NY") -> done | I23: =IFERROR(VLOOKUP(D23,[3]Bai4_VuotQua!$D$8:$I$117,6,FALSE),"NY") -> done | J23: =IF(AND(F23="done",G23="done",H23="done",I23="done"),"done all",IF(OR(AND(F23="done",G23="done",H23="done"),AND(F23="done",G23="done",I23="done"),AND(F23="done",H23="done",I23="done"),AND(G23="done",H23="done",I23="done")),"done 3 lession",IF(OR(AND(F23="done",G23="done"),AND(F23="done",H23="done"),AND(F23="done",I23="done"),AND(G23="done",H23="done"),AND(G23="done",I23="done"),AND(H23="done",I23="done")),"done 2 lession",IF(OR(F23="done",G23="done",H23="done",I23="done"),"done 1 lession","NY")))) -> done all | K23: =VLOOKUP($D23,[1]Bai1_View!$E$2:$J$177,5,FALSE) -> Cần Thơ | L23: =VLOOKUP($D23,[1]Bai1_View!$E$2:$J$177,6,FALSE) -> A. Tho | M23: =IFERROR(VLOOKUP(D23,[2]Hồng!$D$1:$M$21,10,FALSE),0) -> 0 | W23: Đăk Lăk | X23: 1
A24: 22 | B24: Nguyễn Thế Dương | C24: Nhà Thuốc Diễm Nhi | D24: 0904983201 | E24: 23 Hồ Bá Kiện,, P.15,Quận 10,Hồ Chí Minh | F24: =IFERROR(VLOOKUP(D24,[3]Bai1_VuotQua!$D$8:$I$143,6,FALSE),"NY") -> NY | G24: =IFERROR(VLOOKUP(D24,[3]Bai2_VuotQua!$D$8:$I$120,6,FALSE),"NY") -> NY | H24: =IFERROR(VLOOKUP(D24,[3]Bai3_VuotQua!$D$8:$I$122,6,FALSE),"NY") -> NY | I24: =IFERROR(VLOOKUP(D24,[3]Bai4_VuotQua!$D$8:$I$117,6,FALSE),"NY") -> NY | J24: =IF(AND(F24="done",G24="done",H24="done",I24="done"),"done all",IF(OR(AND(F24="done",G24="done",H24="done"),AND(F24="done",G24="done",I24="done"),AND(F24="done",H24="done",I24="done"),AND(G24="done",H24="done",I24="done")),"done 3 lession",IF(OR(AND(F24="done",G24="done"),AND(F24="done",H24="done"),AND(F24="done",I24="done"),AND(G24="done",H24="done"),AND(G24="done",I24="done"),AND(H24="done",I24="done")),"done 2 lession",IF(OR(F24="done",G24="done",H24="done",I24="done"),"done 1 lession","NY")))) -> NY | K24: HCM | L24: A. Tri | M24: =IFERROR(VLOOKUP(D24,[2]Hồng!$D$1:$M$21,10,FALSE),0) -> 0 | W24: Đồng Nai | X24: 4
A25: 23 | B25: Phạm Thị Mơ | C25: nhà thuốc Anh Tuấn | D25: 0986190286 | E25: 204 hồng mai, P.Quỳnh Lôi,Hai Bà Trưng,Hà Nội | F25: =IFERROR(VLOOKUP(D25,[3]Bai1_VuotQua!$D$8:$I$143,6,FALSE),"NY") -> done | G25: =IFERROR(VLOOKUP(D25,[3]Bai2_VuotQua!$D$8:$I$120,6,FALSE),"NY") -> done | H25: =IFERROR(VLOOKUP(D25,[3]Bai3_VuotQua!$D$8:$I$122,6,FALSE),"NY") -> done | I25: =IFERROR(VLOOKUP(D25,[3]Bai4_VuotQua!$D$8:$I$117,6,FALSE),"NY") -> done | J25: =IF(AND(F25="done",G25="done",H25="done",I25="done"),"done all",IF(OR(AND(F25="done",G25="done",H25="done"),AND(F25="done",G25="done",I25="done"),AND(F25="done",H25="done",I25="done"),AND(G25="done",H25="done",I25="done")),"done 3 lession",IF(OR(AND(F25="done",G25="done"),AND(F25="done",H25="done"),AND(F25="done",I25="done"),AND(G25="done",H25="done"),AND(G25="done",I25="done"),AND(H25="done",I25="done")),"done 2 lession",IF(OR(F25="done",G25="done",H25="done",I25="done"),"done 1 lession","NY")))) -> done all | K25: HN | L25: C. Quy | M25: =IFERROR(VLOOKUP(D25,[2]Hồng!$D$1:$M$21,10,FALSE),0) -> ok | V25: done all | W25: Cần Thơ | X25: 15
A26: 24 | B26: C Hằng | C26: NT Thanh Binh | D26: 0374635903 | E26: 14 Trần Nhân Tông, P.Nguyễn Du,Hai Bà Trưng,Hà Nội | F26: =IFERROR(VLOOKUP(D26,[3]Bai1_VuotQua!$D$8:$I$143,6,FALSE),"NY") -> done | G26: =IFERROR(VLOOKUP(D26,[3]Bai2_VuotQua!$D$8:$I$120,6,FALSE),"NY") -> done | H26: =IFERROR(VLOOKUP(D26,[3]Bai3_VuotQua!$D$8:$I$122,6,FALSE),"NY") -> done | I26: =IFERROR(VLOOKUP(D26,[3]Bai4_VuotQua!$D$8:$I$117,6,FALSE),"NY") -> done | J26: =IF(AND(F26="done",G26="done",H26="done",I26="done"),"done all",IF(OR(AND(F26="done",G26="done",H26="done"),AND(F26="done",G26="done",I26="done"),AND(F26="done",H26="done",I26="done"),AND(G26="done",H26="done",I26="done")),"done 3 lession",IF(OR(AND(F26="done",G26="done"),AND(F26="done",H26="done"),AND(F26="done",I26="done"),AND(G26="done",H26="done"),AND(G26="done",I26="done"),AND(H26="done",I26="done")),"done 2 lession",IF(OR(F26="done",G26="done",H26="done",I26="done"),"done 1 lession","NY")))) -> done all | K26: HN | L26: C. Quy | M26: =IFERROR(VLOOKUP(D26,[2]Hồng!$D$1:$M$21,10,FALSE),0) -> ok | W26: Đăk Lăk | X26: 4
A27: 25 | B27: Nguyễn Hạnh | C27: Nhà thuốc huy hoàng | D27: 09455882666 | E27: 38 nguyễn Thiệp, P.Đồng Xuân,Hoàn Kiếm,Hà Nội | F27: =IFERROR(VLOOKUP(D27,[3]Bai1_VuotQua!$D$8:$I$143,6,FALSE),"NY") -> NY | G27: =IFERROR(VLOOKUP(D27,[3]Bai2_VuotQua!$D$8:$I$120,6,FALSE),"NY") -> NY | H27: =IFERROR(VLOOKUP(D27,[3]Bai3_VuotQua!$D$8:$I$122,6,FALSE),"NY") -> NY | I27: =IFERROR(VLOOKUP(D27,[3]Bai4_VuotQua!$D$8:$I$117,6,FALSE),"NY") -> NY | J27: =IF(AND(F27="done",G27="done",H27="done",I27="done"),"done all",IF(OR(AND(F27="done",G27="done",H27="done"),AND(F27="done",G27="done",I27="done"),AND(F27="done",H27="done",I27="done"),AND(G27="done",H27="done",I27="done")),"done 3 lession",IF(OR(AND(F27="done",G27="done"),AND(F27="done",H27="done"),AND(F27="done",I27="done"),AND(G27="done",H27="done"),AND(G27="done",I27="done"),AND(H27="done",I27="done")),"done 2 lession",IF(OR(F27="done",G27="done",H27="done",I27="done"),"done 1 lession","NY")))) -> NY | K27: HN | L27: C. Quy | M27: =IFERROR(VLOOKUP(D27,[2]Hồng!$D$1:$M$21,10,FALSE),0) -> 0 | W27: Đồng Nai | X27: 12
A28: 26 | B28: chinh | C28: chinh ánh | D28: 0385750840 | E28: 45, P.Nghĩa Đô,Cầu Giấy,Hà Nội | F28: =IFERROR(VLOOKUP(D28,[3]Bai1_VuotQua!$D$8:$I$143,6,FALSE),"NY") -> NY | G28: =IFERROR(VLOOKUP(D28,[3]Bai2_VuotQua!$D$8:$I$120,6,FALSE),"NY") -> NY | H28: =IFERROR(VLOOKUP(D28,[3]Bai3_VuotQua!$D$8:$I$122,6,FALSE),"NY") -> NY | I28: =IFERROR(VLOOKUP(D28,[3]Bai4_VuotQua!$D$8:$I$117,6,FALSE),"NY") -> NY | J28: =IF(AND(F28="done",G28="done",H28="done",I28="done"),"done all",IF(OR(AND(F28="done",G28="done",H28="done"),AND(F28="done",G28="done",I28="done"),AND(F28="done",H28="done",I28="done"),AND(G28="done",H28="done",I28="done")),"done 3 lession",IF(OR(AND(F28="done",G28="done"),AND(F28="done",H28="done"),AND(F28="done",I28="done"),AND(G28="done",H28="done"),AND(G28="done",I28="done"),AND(H28="done",I28="done")),"done 2 lession",IF(OR(F28="done",G28="done",H28="done",I28="done"),"done 1 lession","NY")))) -> NY | K28: =VLOOKUP($D28,[1]Bai1_View!$E$2:$J$177,5,FALSE) -> HN | L28: =VLOOKUP($D28,[1]Bai1_View!$E$2:$J$177,6,FALSE) -> C. Quy | M28: =IFERROR(VLOOKUP(D28,[2]Hồng!$D$1:$M$21,10,FALSE),0) -> 0 | W28: Khánh Hòa | X28: 4
A29: 27 | B29: Ngô Thi Lâm Thuân | C29: NT BAO KHOI | D29: 0908412436 | E29: 702 HUONG LO 2, P. BINH TRI DONG A, P.Bình Hưng Hòa,Bình Tân,Hồ Chí Minh | F29: =IFERROR(VLOOKUP(D29,[3]Bai1_VuotQua!$D$8:$I$143,6,FALSE),"NY") -> done | G29: =IFERROR(VLOOKUP(D29,[3]Bai2_VuotQua!$D$8:$I$120,6,FALSE),"NY") -> done | H29: =IFERROR(VLOOKUP(D29,[3]Bai3_VuotQua!$D$8:$I$122,6,FALSE),"NY") -> done | I29: =IFERROR(VLOOKUP(D29,[3]Bai4_VuotQua!$D$8:$I$117,6,FALSE),"NY") -> done | J29: =IF(AND(F29="done",G29="done",H29="done",I29="done"),"done all",IF(OR(AND(F29="done",G29="done",H29="done"),AND(F29="done",G29="done",I29="done"),AND(F29="done",H29="done",I29="done"),AND(G29="done",H29="done",I29="done")),"done 3 lession",IF(OR(AND(F29="done",G29="done"),AND(F29="done",H29="done"),AND(F29="done",I29="done"),AND(G29="done",H29="done"),AND(G29="done",I29="done"),AND(H29="done",I29="done")),"done 2 lession",IF(OR(F29="done",G29="done",H29="done",I29="done"),"done 1 lession","NY")))) -> done all | K29: =VLOOKUP($D29,[1]Bai1_View!$E$2:$J$177,5,FALSE) -> HCM | L29: =VLOOKUP($D29,[1]Bai1_View!$E$2:$J$177,6,FALSE) -> A. Tri | M29: =IFERROR(VLOOKUP(D29,[2]Hồng!$D$1:$M$21,10,FALSE),0) -> 0 | V29: NY | W29: An Giang | X29: 5
A30: 28 | B30: Le thi kim chi | C30: NT Hoa Mai | D30: 0902485557 | E30: 011 Chung Cư Tân Sơn Nhì, P.14,Tân Bình,Hồ Chí Minh | F30: =IFERROR(VLOOKUP(D30,[3]Bai1_VuotQua!$D$8:$I$143,6,FALSE),"NY") -> done | G30: =IFERROR(VLOOKUP(D30,[3]Bai2_VuotQua!$D$8:$I$120,6,FALSE),"NY") -> NY | H30: =IFERROR(VLOOKUP(D30,[3]Bai3_VuotQua!$D$8:$I$122,6,FALSE),"NY") -> NY | I30: =IFERROR(VLOOKUP(D30,[3]Bai4_VuotQua!$D$8:$I$117,6,FALSE),"NY") -> NY | J30: =IF(AND(F30="done",G30="done",H30="done",I30="done"),"done all",IF(OR(AND(F30="done",G30="done",H30="done"),AND(F30="done",G30="done",I30="done"),AND(F30="done",H30="done",I30="done"),AND(G30="done",H30="done",I30="done")),"done 3 lession",IF(OR(AND(F30="done",G30="done"),AND(F30="done",H30="done"),AND(F30="done",I30="done"),AND(G30="done",H30="done"),AND(G30="done",I30="done"),AND(H30="done",I30="done")),"done 2 lession",IF(OR(F30="done",G30="done",H30="done",I30="done"),"done 1 lession","NY")))) -> done 1 lession | K30: =VLOOKUP($D30,[1]Bai1_View!$E$2:$J$177,5,FALSE) -> HCM | L30: =VLOOKUP($D30,[1]Bai1_View!$E$2:$J$177,6,FALSE) -> A. Tri | M30: =IFERROR(VLOOKUP(D30,[2]Hồng!$D$1:$M$21,10,FALSE),0) -> 0 | W30: Bình Dương | X30: 1
A31: 29 | B31: Nguyễn Thanh Xuân Nữ | C31: Quầy Thuốc Mỹ Anh | D31: 0913143031 | E31: 197, đường 1/5,, P.Tràm Chim,Tam Nông,Đồng Tháp | F31: =IFERROR(VLOOKUP(D31,[3]Bai1_VuotQua!$D$8:$I$143,6,FALSE),"NY") -> done | G31: =IFERROR(VLOOKUP(D31,[3]Bai2_VuotQua!$D$8:$I$120,6,FALSE),"NY") -> NY | H31: =IFERROR(VLOOKUP(D31,[3]Bai3_VuotQua!$D$8:$I$122,6,FALSE),"NY") -> NY | I31: =IFERROR(VLOOKUP(D31,[3]Bai4_VuotQua!$D$8:$I$117,6,FALSE),"NY") -> done | J31: =IF(AND(F31="done",G31="done",H31="done",I31="done"),"done all",IF(OR(AND(F31="done",G31="done",H31="done"),AND(F31="done",G31="done",I31="done"),AND(F31="done",H31="done",I31="done"),AND(G31="done",H31="done",I31="done")),"done 3 lession",IF(OR(AND(F31="done",G31="done"),AND(F31="done",H31="done"),AND(F31="done",I31="done"),AND(G31="done",H31="done"),AND(G31="done",I31="done"),AND(H31="done",I31="done")),"done 2 lession",IF(OR(F31="done",G31="done",H31="done",I31="done"),"done 1 lession","NY")))) -> done 2 lession | K31: =VLOOKUP($D31,[1]Bai1_View!$E$2:$J$177,5,FALSE) -> Đồng Tháp | L31: =VLOOKUP($D31,[1]Bai1_View!$E$2:$J$177,6,FALSE) -> A. Tho | M31: =IFERROR(VLOOKUP(D31,[2]Hồng!$D$1:$M$21,10,FALSE),0) -> 0 | W31: Cần Thơ | X31: 4
A32: 30 | B32: Ngô thị Yến | C32: nhà thuốc Nguyễn thị kim liên | D32: 0398019788 | E32: Số 72 phố Trần Bình, P.Mai Dịch,Cầu Giấy,Hà Nội | F32: =IFERROR(VLOOKUP(D32,[3]Bai1_VuotQua!$D$8:$I$143,6,FALSE),"NY") -> done | G32: =IFERROR(VLOOKUP(D32,[3]Bai2_VuotQua!$D$8:$I$120,6,FALSE),"NY") -> done | H32: =IFERROR(VLOOKUP(D32,[3]Bai3_VuotQua!$D$8:$I$122,6,FALSE),"NY") -> done | I32: =IFERROR(VLOOKUP(D32,[3]Bai4_VuotQua!$D$8:$I$117,6,FALSE),"NY") -> done | J32: =IF(AND(F32="done",G32="done",H32="done",I32="done"),"done all",IF(OR(AND(F32="done",G32="done",H32="done"),AND(F32="done",G32="done",I32="done"),AND(F32="done",H32="done",I32="done"),AND(G32="done",H32="done",I32="done")),"done 3 lession",IF(OR(AND(F32="done",G32="done"),AND(F32="done",H32="done"),AND(F32="done",I32="done"),AND(G32="done",H32="done"),AND(G32="done",I32="done"),AND(H32="done",I32="done")),"done 2 lession",IF(OR(F32="done",G32="done",H32="done",I32="done"),"done 1 lession","NY")))) -> done all | K32: HN | L32: C. Quy | M32: =IFERROR(VLOOKUP(D32,[2]Hồng!$D$1:$M$21,10,FALSE),0) -> 0 | W32: Đăk Lăk | X32: 7
A33: 31 | B33: Trần Thị Thuỳ Dương | C33: NHA THUOC BONG SAO | D33: 0932985905 | E33: 10 trần việt châu, P.An Hòa,Ninh Kiều,Cần Thơ | F33: =IFERROR(VLOOKUP(D33,[3]Bai1_VuotQua!$D$8:$I$143,6,FALSE),"NY") -> done | G33: =IFERROR(VLOOKUP(D33,[3]Bai2_VuotQua!$D$8:$I$120,6,FALSE),"NY") -> NY | H33: =IFERROR(VLOOKUP(D33,[3]Bai3_VuotQua!$D$8:$I$122,6,FALSE),"NY") -> NY | I33: =IFERROR(VLOOKUP(D33,[3]Bai4_VuotQua!$D$8:$I$117,6,FALSE),"NY") -> NY | J33: =IF(AND(F33="done",G33="done",H33="done",I33="done"),"done all",IF(OR(AND(F33="done",G33="done",H33="done"),AND(F33="done",G33="done",I33="done"),AND(F33="done",H33="done",I33="done"),AND(G33="done",H33="done",I33="done")),"done 3 lession",IF(OR(AND(F33="done",G33="done"),AND(F33="done",H33="done"),AND(F33="done",I33="done"),AND(G33="done",H33="done"),AND(G33="done",I33="done"),AND(H33="done",I33="done")),"done 2 lession",IF(OR(F33="done",G33="done",H33="done",I33="done"),"done 1 lession","NY")))) -> done 1 lession | K33: =VLOOKUP($D33,[1]Bai1_View!$E$2:$J$177,5,FALSE) -> Cần Thơ | L33: =VLOOKUP($D33,[1]Bai1_View!$E$2:$J$177,6,FALSE) -> A. Tho | M33: =IFERROR(VLOOKUP(D33,[2]Hồng!$D$1:$M$21,10,FALSE),0) -> 0 | W33: Đồng Tháp | X33: 1
A34: 32 | B34: Âu Chí Kiên | C34: Nhà Thuốc Phương Thảo | D34: 0938980689 | E34: 08 lô C Mạc Thiên Tích , P.11,Quận 5,Hồ Chí Minh | F34: =IFERROR(VLOOKUP(D34,[3]Bai1_VuotQua!$D$8:$I$143,6,FALSE),"NY") -> done | G34: =IFERROR(VLOOKUP(D34,[3]Bai2_VuotQua!$D$8:$I$120,6,FALSE),"NY") -> done | H34: =IFERROR(VLOOKUP(D34,[3]Bai3_VuotQua!$D$8:$I$122,6,FALSE),"NY") -> done | I34: =IFERROR(VLOOKUP(D34,[3]Bai4_VuotQua!$D$8:$I$117,6,FALSE),"NY") -> done | J34: =IF(AND(F34="done",G34="done",H34="done",I34="done"),"done all",IF(OR(AND(F34="done",G34="done",H34="done"),AND(F34="done",G34="done",I34="done"),AND(F34="done",H34="done",I34="done"),AND(G34="done",H34="done",I34="done")),"done 3 lession",IF(OR(AND(F34="done",G34="done"),AND(F34="done",H34="done"),AND(F34="done",I34="done"),AND(G34="done",H34="done"),AND(G34="done",I34="done"),AND(H34="done",I34="done")),"done 2 lession",IF(OR(F34="done",G34="done",H34="done",I34="done"),"done 1 lession","NY")))) -> done all | K34: =VLOOKUP($D34,[1]Bai1_View!$E$2:$J$177,5,FALSE) -> HCM | L34: =VLOOKUP($D34,[1]Bai1_View!$E$2:$J$177,6,FALSE) -> A. Tri | M34: =IFERROR(VLOOKUP(D34,[2]Hồng!$D$1:$M$21,10,FALSE),0) -> 0 | W34: Khánh Hòa | X34: 6
A35: 33 | B35: Thái thị huệ | C35: nhà thuốc DS Vu Van Thu | D35: 0982600388 | E35: 81B xuân diệu, P.Quảng An,Tây Hồ,Hà Nội | F35: =IFERROR(VLOOKUP(D35,[3]Bai1_VuotQua!$D$8:$I$143,6,FALSE),"NY") -> done | G35: =IFERROR(VLOOKUP(D35,[3]Bai2_VuotQua!$D$8:$I$120,6,FALSE),"NY") -> done | H35: =IFERROR(VLOOKUP(D35,[3]Bai3_VuotQua!$D$8:$I$122,6,FALSE),"NY") -> done | I35: =IFERROR(VLOOKUP(D35,[3]Bai4_VuotQua!$D$8:$I$117,6,FALSE),"NY") -> done | J35: =IF(AND(F35="done",G35="done",H35="done",I35="done"),"done all",IF(OR(AND(F35="done",G35="done",H35="done"),AND(F35="done",G35="done",I35="done"),AND(F35="done",H35="done",I35="done"),AND(G35="done",H35="done",I35="done")),"done 3 lession",IF(OR(AND(F35="done",G35="done"),AND(F35="done",H35="done"),AND(F35="done",I35="done"),AND(G35="done",H35="done"),AND(G35="done",I35="done"),AND(H35="done",I35="done")),"done 2 lession",IF(OR(F35="done",G35="done",H35="done",I35="done"),"done 1 lession","NY")))) -> done all | K35: =VLOOKUP($D35,[1]Bai1_View!$E$2:$J$177,5,FALSE) -> HN | L35: =VLOOKUP($D35,[1]Bai1_View!$E$2:$J$177,6,FALSE) -> C. Quy | M35: =IFERROR(VLOOKUP(D35,[2]Hồng!$D$1:$M$21,10,FALSE),0) -> 0 | U35: A. Tho Total | X35: 84
A36: 34 | B36: Đỗ ngọc anh | C36: nhà thuốc số 27 | D36: 0981682196 | E36: 192 dãy 1 sa la, P.Phú La,Hà Đông,Hà Nội | F36: =IFERROR(VLOOKUP(D36,[3]Bai1_VuotQua!$D$8:$I$143,6,FALSE),"NY") -> NY | G36: =IFERROR(VLOOKUP(D36,[3]Bai2_VuotQua!$D$8:$I$120,6,FALSE),"NY") -> NY | H36: =IFERROR(VLOOKUP(D36,[3]Bai3_VuotQua!$D$8:$I$122,6,FALSE),"NY") -> NY | I36: =IFERROR(VLOOKUP(D36,[3]Bai4_VuotQua!$D$8:$I$117,6,FALSE),"NY") -> NY | J36: =IF(AND(F36="done",G36="done",H36="done",I36="done"),"done all",IF(OR(AND(F36="done",G36="done",H36="done"),AND(F36="done",G36="done",I36="done"),AND(F36="done",H36="done",I36="done"),AND(G36="done",H36="done",I36="done")),"done 3 lession",IF(OR(AND(F36="done",G36="done"),AND(F36="done",H36="done"),AND(F36="done",I36="done"),AND(G36="done",H36="done"),AND(G36="done",I36="done"),AND(H36="done",I36="done")),"done 2 lession",IF(OR(F36="done",G36="done",H36="done",I36="done"),"done 1 lession","NY")))) -> NY | K36: HN | L36: C. Quy | M36: =IFERROR(VLOOKUP(D36,[2]Hồng!$D$1:$M$21,10,FALSE),0) -> 0 | U36: A. Tri | V36: done 1 lession | W36: HCM | X36: 9
A37: 35 | B37: Đỗ Thuỳ Dương | C37: Nhà thuốc Nguyên Khang | D37: 0372046246 | E37: Số nhà 168 Phùng Hưng- Hà Đông - Hà Nội, P.Phúc La,Hà Đông,Hà Nội | F37: =IFERROR(VLOOKUP(D37,[3]Bai1_VuotQua!$D$8:$I$143,6,FALSE),"NY") -> done | G37: =IFERROR(VLOOKUP(D37,[3]Bai2_VuotQua!$D$8:$I$120,6,FALSE),"NY") -> done | H37: =IFERROR(VLOOKUP(D37,[3]Bai3_VuotQua!$D$8:$I$122,6,FALSE),"NY") -> done | I37: =IFERROR(VLOOKUP(D37,[3]Bai4_VuotQua!$D$8:$I$117,6,FALSE),"NY") -> done | J37: =IF(AND(F37="done",G37="done",H37="done",I37="done"),"done all",IF(OR(AND(F37="done",G37="done",H37="done"),AND(F37="done",G37="done",I37="done"),AND(F37="done",H37="done",I37="done"),AND(G37="done",H37="done",I37="done")),"done 3 lession",IF(OR(AND(F37="done",G37="done"),AND(F37="done",H37="done"),AND(F37="done",I37="done"),AND(G37="done",H37="done"),AND(G37="done",I37="done"),AND(H37="done",I37="done")),"done 2 lession",IF(OR(F37="done",G37="done",H37="done",I37="done"),"done 1 lession","NY")))) -> done all | K37: HN | L37: C. Quy | M37: =IFERROR(VLOOKUP(D37,[2]Hồng!$D$1:$M$21,10,FALSE),0) -> 0 | V37: done 2 lession | W37: HCM | X37: 4
A38: 36 | B38: Lê Thị Tâm Uyên | C38: NT Phương Khánh | D38: 0908275696 | E38: Hai Bà Trưng, P. Mỹ Long, Tp. Long Xuyên, P.Mỹ Long,Long Xuyên,An Giang | F38: =IFERROR(VLOOKUP(D38,[3]Bai1_VuotQua!$D$8:$I$143,6,FALSE),"NY") -> done | G38: =IFERROR(VLOOKUP(D38,[3]Bai2_VuotQua!$D$8:$I$120,6,FALSE),"NY") -> NY | H38: =IFERROR(VLOOKUP(D38,[3]Bai3_VuotQua!$D$8:$I$122,6,FALSE),"NY") -> NY | I38: =IFERROR(VLOOKUP(D38,[3]Bai4_VuotQua!$D$8:$I$117,6,FALSE),"NY") -> NY | J38: =IF(AND(F38="done",G38="done",H38="done",I38="done"),"done all",IF(OR(AND(F38="done",G38="done",H38="done"),AND(F38="done",G38="done",I38="done"),AND(F38="done",H38="done",I38="done"),AND(G38="done",H38="done",I38="done")),"done 3 lession",IF(OR(AND(F38="done",G38="done"),AND(F38="done",H38="done"),AND(F38="done",I38="done"),AND(G38="done",H38="done"),AND(G38="done",I38="done"),AND(H38="done",I38="done")),"done 2 lession",IF(OR(F38="done",G38="done",H38="done",I38="done"),"done 1 lession","NY")))) -> done 1 lession | K38: =VLOOKUP($D38,[1]Bai1_View!$E$2:$J$177,5,FALSE) -> An Giang | L38: =VLOOKUP($D38,[1]Bai1_View!$E$2:$J$177,6,FALSE) -> A. Tho | M38: =IFERROR(VLOOKUP(D38,[2]Hồng!$D$1:$M$21,10,FALSE),0) -> 0 | V38: done 3 lession | W38: HCM | X38: 4
A39: 37 | B39: Trương Thị Hồng | C39: NT Hải Minh | D39: 0917266219 | E39: 47 Cửu Long, P.15,Quận 10,Hồ Chí Minh | F39: =IFERROR(VLOOKUP(D39,[3]Bai1_VuotQua!$D$8:$I$143,6,FALSE),"NY") -> done | G39: =IFERROR(VLOOKUP(D39,[3]Bai2_VuotQua!$D$8:$I$120,6,FALSE),"NY") -> done | H39: =IFERROR(VLOOKUP(D39,[3]Bai3_VuotQua!$D$8:$I$122,6,FALSE),"NY") -> done | I39: =IFERROR(VLOOKUP(D39,[3]Bai4_VuotQua!$D$8:$I$117,6,FALSE),"NY") -> done | J39: =IF(AND(F39="done",G39="done",H39="done",I39="done"),"done all",IF(OR(AND(F39="done",G39="done",H39="done"),AND(F39="done",G39="done",I39="done"),AND(F39="done",H39="done",I39="done"),AND(G39="done",H39="done",I39="done")),"done 3 lession",IF(OR(AND(F39="done",G39="done"),AND(F39="done",H39="done"),AND(F39="done",I39="done"),AND(G39="done",H39="done"),AND(G39="done",I39="done"),AND(H39="done",I39="done")),"done 2 lession",IF(OR(F39="done",G39="done",H39="done",I39="done"),"done 1 lession","NY")))) -> done all | K39: =VLOOKUP($D39,[1]Bai1_View!$E$2:$J$177,5,FALSE) -> HCM | L39: =VLOOKUP($D39,[1]Bai1_View!$E$2:$J$177,6,FALSE) -> A. Tri | M39: =IFERROR(VLOOKUP(D39,[2]Hồng!$D$1:$M$21,10,FALSE),0) -> 0 | V39: done all | W39: HCM | X39: 17
A40: 38 | B40: tran thi na | C40: nt so 86 | D40: 0979336497 | E40: 86 no trang long, P.Tân Tiến,Buôn Ma Thuột,Đắk Lắk | F40: =IFERROR(VLOOKUP(D40,[3]Bai1_VuotQua!$D$8:$I$143,6,FALSE),"NY") -> done | G40: =IFERROR(VLOOKUP(D40,[3]Bai2_VuotQua!$D$8:$I$120,6,FALSE),"NY") -> NY | H40: =IFERROR(VLOOKUP(D40,[3]Bai3_VuotQua!$D$8:$I$122,6,FALSE),"NY") -> NY | I40: =IFERROR(VLOOKUP(D40,[3]Bai4_VuotQua!$D$8:$I$117,6,FALSE),"NY") -> NY | J40: =IF(AND(F40="done",G40="done",H40="done",I40="done"),"done all",IF(OR(AND(F40="done",G40="done",H40="done"),AND(F40="done",G40="done",I40="done"),AND(F40="done",H40="done",I40="done"),AND(G40="done",H40="done",I40="done")),"done 3 lession",IF(OR(AND(F40="done",G40="done"),AND(F40="done",H40="done"),AND(F40="done",I40="done"),AND(G40="done",H40="done"),AND(G40="done",I40="done"),AND(H40="done",I40="done")),"done 2 lession",IF(OR(F40="done",G40="done",H40="done",I40="done"),"done 1 lession","NY")))) -> done 1 lession | K40: =VLOOKUP($D40,[1]Bai1_View!$E$2:$J$177,5,FALSE) -> Đăk Lăk | L40: =VLOOKUP($D40,[1]Bai1_View!$E$2:$J$177,6,FALSE) -> A. Tho | M40: =IFERROR(VLOOKUP(D40,[2]Hồng!$D$1:$M$21,10,FALSE),0) -> 0 | V40: NY | W40: HCM | X40: 45
A41: 39 | B41: Vũ thị bích thuỷ | C41: nt minh thu | D41: 0965568368 | E41: 1035 kp 7 phường long bình , P.Long Bình,Biên Hòa,Đồng Nai | F41: =IFERROR(VLOOKUP(D41,[3]Bai1_VuotQua!$D$8:$I$143,6,FALSE),"NY") -> done | G41: =IFERROR(VLOOKUP(D41,[3]Bai2_VuotQua!$D$8:$I$120,6,FALSE),"NY") -> done | H41: =IFERROR(VLOOKUP(D41,[3]Bai3_VuotQua!$D$8:$I$122,6,FALSE),"NY") -> done | I41: =IFERROR(VLOOKUP(D41,[3]Bai4_VuotQua!$D$8:$I$117,6,FALSE),"NY") -> done | J41: =IF(AND(F41="done",G41="done",H41="done",I41="done"),"done all",IF(OR(AND(F41="done",G41="done",H41="done"),AND(F41="done",G41="done",I41="done"),AND(F41="done",H41="done",I41="done"),AND(G41="done",H41="done",I41="done")),"done 3 lession",IF(OR(AND(F41="done",G41="done"),AND(F41="done",H41="done"),AND(F41="done",I41="done"),AND(G41="done",H41="done"),AND(G41="done",I41="done"),AND(H41="done",I41="done")),"done 2 lession",IF(OR(F41="done",G41="done",H41="done",I41="done"),"done 1 lession","NY")))) -> done all | K41: =VLOOKUP($D41,[1]Bai1_View!$E$2:$J$177,5,FALSE) -> Đồng Nai | L41: =VLOOKUP($D41,[1]Bai1_View!$E$2:$J$177,6,FALSE) -> A. Tho | M41: =IFERROR(VLOOKUP(D41,[2]Hồng!$D$1:$M$21,10,FALSE),0) -> 0 | U41: A. Tri Total | X41: 79
A42: 40 | B42: Giang | C42: nhà tbuốc Ành Dat | D42: 0906234770 | E42: 158/34 vinh tuy, P.Vĩnh Tuy,Hai Bà Trưng,Hà Nội | F42: =IFERROR(VLOOKUP(D42,[3]Bai1_VuotQua!$D$8:$I$143,6,FALSE),"NY") -> done | G42: =IFERROR(VLOOKUP(D42,[3]Bai2_VuotQua!$D$8:$I$120,6,FALSE),"NY") -> done | H42: =IFERROR(VLOOKUP(D42,[3]Bai3_VuotQua!$D$8:$I$122,6,FALSE),"NY") -> done | I42: =IFERROR(VLOOKUP(D42,[3]Bai4_VuotQua!$D$8:$I$117,6,FALSE),"NY") -> done | J42: =IF(AND(F42="done",G42="done",H42="done",I42="done"),"done all",IF(OR(AND(F42="done",G42="done",H42="done"),AND(F42="done",G42="done",I42="done"),AND(F42="done",H42="done",I42="done"),AND(G42="done",H42="done",I42="done")),"done 3 lession",IF(OR(AND(F42="done",G42="done"),AND(F42="done",H42="done"),AND(F42="done",I42="done"),AND(G42="done",H42="done"),AND(G42="done",I42="done"),AND(H42="done",I42="done")),"done 2 lession",IF(OR(F42="done",G42="done",H42="done",I42="done"),"done 1 lession","NY")))) -> done all | K42: HN | L42: C. Quy | M42: =IFERROR(VLOOKUP(D42,[2]Hồng!$D$1:$M$21,10,FALSE),0) -> ok | U42: C. Quy | V42: done 1 lession | W42: HN | X42: 14
A43: 41 | B43: Lê Thị Huệ | C43: Nhà thuốc Minh Phúc | D43: 0914741139 | E43: 52 Nguyễn Văn Lượng, P.17,Gò Vấp,Hồ Chí Minh | F43: =IFERROR(VLOOKUP(D43,[3]Bai1_VuotQua!$D$8:$I$143,6,FALSE),"NY") -> NY | G43: =IFERROR(VLOOKUP(D43,[3]Bai2_VuotQua!$D$8:$I$120,6,FALSE),"NY") -> NY | H43: =IFERROR(VLOOKUP(D43,[3]Bai3_VuotQua!$D$8:$I$122,6,FALSE),"NY") -> NY | I43: =IFERROR(VLOOKUP(D43,[3]Bai4_VuotQua!$D$8:$I$117,6,FALSE),"NY") -> NY | J43: =IF(AND(F43="done",G43="done",H43="done",I43="done"),"done all",IF(OR(AND(F43="done",G43="done",H43="done"),AND(F43="done",G43="done",I43="done"),AND(F43="done",H43="done",I43="done"),AND(G43="done",H43="done",I43="done")),"done 3 lession",IF(OR(AND(F43="done",G43="done"),AND(F43="done",H43="done"),AND(F43="done",I43="done"),AND(G43="done",H43="done"),AND(G43="done",I43="done"),AND(H43="done",I43="done")),"done 2 lession",IF(OR(F43="done",G43="done",H43="done",I43="done"),"done 1 lession","NY")))) -> NY | K43: =VLOOKUP($D43,[1]Bai1_View!$E$2:$J$177,5,FALSE) -> HCM | L43: =VLOOKUP($D43,[1]Bai1_View!$E$2:$J$177,6,FALSE) -> A. Tri | M43: =IFERROR(VLOOKUP(D43,[2]Hồng!$D$1:$M$21,10,FALSE),0) -> 0 | V43: done 2 lession | W43: HN | X43: 6
A44: 42 | B44: Đào Thị Hòa | C44: Nhà thuốc Bảo Ngọc | D44: 0943958020 | E44: Số 6 ngõ 34 Âu Cơ, P.Quảng An,Tây Hồ,Hà Nội | F44: =IFERROR(VLOOKUP(D44,[3]Bai1_VuotQua!$D$8:$I$143,6,FALSE),"NY") -> done | G44: =IFERROR(VLOOKUP(D44,[3]Bai2_VuotQua!$D$8:$I$120,6,FALSE),"NY") -> NY | H44: =IFERROR(VLOOKUP(D44,[3]Bai3_VuotQua!$D$8:$I$122,6,FALSE),"NY") -> NY | I44: =IFERROR(VLOOKUP(D44,[3]Bai4_VuotQua!$D$8:$I$117,6,FALSE),"NY") -> NY | J44: =IF(AND(F44="done",G44="done",H44="done",I44="done"),"done all",IF(OR(AND(F44="done",G44="done",H44="done"),AND(F44="done",G44="done",I44="done"),AND(F44="done",H44="done",I44="done"),AND(G44="done",H44="done",I44="done")),"done 3 lession",IF(OR(AND(F44="done",G44="done"),AND(F44="done",H44="done"),AND(F44="done",I44="done"),AND(G44="done",H44="done"),AND(G44="done",I44="done"),AND(H44="done",I44="done")),"done 2 lession",IF(OR(F44="done",G44="done",H44="done",I44="done"),"done 1 lession","NY")))) -> done 1 lession | K44: =VLOOKUP($D44,[1]Bai1_View!$E$2:$J$177,5,FALSE) -> HN | L44: =VLOOKUP($D44,[1]Bai1_View!$E$2:$J$177,6,FALSE) -> C. Quy | M44: =IFERROR(VLOOKUP(D44,[2]Hồng!$D$1:$M$21,10,FALSE),0) -> 0 | V44: done 3 lession | W44: HN | X44: 5
A45: 43 | B45: Phan Thị Thanh Hoài | C45: Hoài Trung | D45: 0906260305 | E45: 95 đường nguyễn Chí Thanh, P.Tân Giang,Hà Tĩnh,Hà Tĩnh | F45: =IFERROR(VLOOKUP(D45,[3]Bai1_VuotQua!$D$8:$I$143,6,FALSE),"NY") -> NY | G45: =IFERROR(VLOOKUP(D45,[3]Bai2_VuotQua!$D$8:$I$120,6,FALSE),"NY") -> NY | H45: =IFERROR(VLOOKUP(D45,[3]Bai3_VuotQua!$D$8:$I$122,6,FALSE),"NY") -> NY | I45: =IFERROR(VLOOKUP(D45,[3]Bai4_VuotQua!$D$8:$I$117,6,FALSE),"NY") -> NY | J45: =IF(AND(F45="done",G45="done",H45="done",I45="done"),"done all",IF(OR(AND(F45="done",G45="done",H45="done"),AND(F45="done",G45="done",I45="done"),AND(F45="done",H45="done",I45="done"),AND(G45="done",H45="done",I45="done")),"done 3 lession",IF(OR(AND(F45="done",G45="done"),AND(F45="done",H45="done"),AND(F45="done",I45="done"),AND(G45="done",H45="done"),AND(G45="done",I45="done"),AND(H45="done",I45="done")),"done 2 lession",IF(OR(F45="done",G45="done",H45="done",I45="done"),"done 1 lession","NY")))) -> NY | K45: Ha Tinh | L45: A. Tuan | M45: =IFERROR(VLOOKUP(D45,[2]Hồng!$D$1:$M$21,10,FALSE),0) -> 0 | V45: done all | W45: HN | X45: 40
A46: 44 | B46: Nguyễn Thị Bích Lan | C46: NHÀ THUỐC SỐ 12 | D46: 0903031551 | E46: 373 Điện Biên Phủ, P.04,Quận 3,Hồ Chí Minh | F46: =IFERROR(VLOOKUP(D46,[3]Bai1_VuotQua!$D$8:$I$143,6,FALSE),"NY") -> NY | G46: =IFERROR(VLOOKUP(D46,[3]Bai2_VuotQua!$D$8:$I$120,6,FALSE),"NY") -> NY | H46: =IFERROR(VLOOKUP(D46,[3]Bai3_VuotQua!$D$8:$I$122,6,FALSE),"NY") -> NY | I46: =IFERROR(VLOOKUP(D46,[3]Bai4_VuotQua!$D$8:$I$117,6,FALSE),"NY") -> NY | J46: =IF(AND(F46="done",G46="done",H46="done",I46="done"),"done all",IF(OR(AND(F46="done",G46="done",H46="done"),AND(F46="done",G46="done",I46="done"),AND(F46="done",H46="done",I46="done"),AND(G46="done",H46="done",I46="done")),"done 3 lession",IF(OR(AND(F46="done",G46="done"),AND(F46="done",H46="done"),AND(F46="done",I46="done"),AND(G46="done",H46="done"),AND(G46="done",I46="done"),AND(H46="done",I46="done")),"done 2 lession",IF(OR(F46="done",G46="done",H46="done",I46="done"),"done 1 lession","NY")))) -> NY | K46: =VLOOKUP($D46,[1]Bai1_View!$E$2:$J$177,5,FALSE) -> HCM | L46: =VLOOKUP($D46,[1]Bai1_View!$E$2:$J$177,6,FALSE) -> A. Tri | M46: =IFERROR(VLOOKUP(D46,[2]Hồng!$D$1:$M$21,10,FALSE),0) -> 0 | V46: NY | W46: HN | X46: 43
A47: 45 | B47: Lê Thị Kim Anh | C47: nhà thuốc Tuấn Khang | D47: 0979635045 | E47: số A21 phố dịch vọng hậu, P.Dịch Vọng Hậu,Cầu Giấy,Hà Nội | F47: =IFERROR(VLOOKUP(D47,[3]Bai1_VuotQua!$D$8:$I$143,6,FALSE),"NY") -> done | G47: =IFERROR(VLOOKUP(D47,[3]Bai2_VuotQua!$D$8:$I$120,6,FALSE),"NY") -> done | H47: =IFERROR(VLOOKUP(D47,[3]Bai3_VuotQua!$D$8:$I$122,6,FALSE),"NY") -> done | I47: =IFERROR(VLOOKUP(D47,[3]Bai4_VuotQua!$D$8:$I$117,6,FALSE),"NY") -> done | J47: =IF(AND(F47="done",G47="done",H47="done",I47="done"),"done all",IF(OR(AND(F47="done",G47="done",H47="done"),AND(F47="done",G47="done",I47="done"),AND(F47="done",H47="done",I47="done"),AND(G47="done",H47="done",I47="done")),"done 3 lession",IF(OR(AND(F47="done",G47="done"),AND(F47="done",H47="done"),AND(F47="done",I47="done"),AND(G47="done",H47="done"),AND(G47="done",I47="done"),AND(H47="done",I47="done")),"done 2 lession",IF(OR(F47="done",G47="done",H47="done",I47="done"),"done 1 lession","NY")))) -> done all | K47: HN | L47: C. Quy | M47: =IFERROR(VLOOKUP(D47,[2]Hồng!$D$1:$M$21,10,FALSE),0) -> 0 | U47: C. Quy Total | X47: 108
A48: 46 | B48: Vo duy toan | C48: Nt Toan Phu | D48: 0996986777 | E48: 327/37/11 ymoan, P.Tân Lợi,Buôn Ma Thuột,Đắk Lắk | F48: =IFERROR(VLOOKUP(D48,[3]Bai1_VuotQua!$D$8:$I$143,6,FALSE),"NY") -> done | G48: =IFERROR(VLOOKUP(D48,[3]Bai2_VuotQua!$D$8:$I$120,6,FALSE),"NY") -> done | H48: =IFERROR(VLOOKUP(D48,[3]Bai3_VuotQua!$D$8:$I$122,6,FALSE),"NY") -> done | I48: =IFERROR(VLOOKUP(D48,[3]Bai4_VuotQua!$D$8:$I$117,6,FALSE),"NY") -> done | J48: =IF(AND(F48="done",G48="done",H48="done",I48="done"),"done all",IF(OR(AND(F48="done",G48="done",H48="done"),AND(F48="done",G48="done",I48="done"),AND(F48="done",H48="done",I48="done"),AND(G48="done",H48="done",I48="done")),"done 3 lession",IF(OR(AND(F48="done",G48="done"),AND(F48="done",H48="done"),AND(F48="done",I48="done"),AND(G48="done",H48="done"),AND(G48="done",I48="done"),AND(H48="done",I48="done")),"done 2 lession",IF(OR(F48="done",G48="done",H48="done",I48="done"),"done 1 lession","NY")))) -> done all | K48: =VLOOKUP($D48,[1]Bai1_View!$E$2:$J$177,5,FALSE) -> Đăk Lăk | L48: =VLOOKUP($D48,[1]Bai1_View!$E$2:$J$177,6,FALSE) -> A. Tho | M48: =IFERROR(VLOOKUP(D48,[2]Hồng!$D$1:$M$21,10,FALSE),0) -> 0 | U48: Grand Total | X48: 282
A49: 47 | B49: Hoa | C49: linh anh | D49: 0979209388 | E49: 104 bạch mai, P.Cầu Dền,Hai Bà Trưng,Hà Nội | F49: =IFERROR(VLOOKUP(D49,[3]Bai1_VuotQua!$D$8:$I$143,6,FALSE),"NY") -> done | G49: =IFERROR(VLOOKUP(D49,[3]Bai2_VuotQua!$D$8:$I$120,6,FALSE),"NY") -> done | H49: =IFERROR(VLOOKUP(D49,[3]Bai3_VuotQua!$D$8:$I$122,6,FALSE),"NY") -> done | I49: =IFERROR(VLOOKUP(D49,[3]Bai4_VuotQua!$D$8:$I$117,6,FALSE),"NY") -> done | J49: =IF(AND(F49="done",G49="done",H49="done",I49="done"),"done all",IF(OR(AND(F49="done",G49="done",H49="done"),AND(F49="done",G49="done",I49="done"),AND(F49="done",H49="done",I49="done"),AND(G49="done",H49="done",I49="done")),"done 3 lession",IF(OR(AND(F49="done",G49="done"),AND(F49="done",H49="done"),AND(F49="done",I49="done"),AND(G49="done",H49="done"),AND(G49="done",I49="done"),AND(H49="done",I49="done")),"done 2 lession",IF(OR(F49="done",G49="done",H49="done",I49="done"),"done 1 lession","NY")))) -> done all | K49: HN | L49: C. Quy | M49: =IFERROR(VLOOKUP(D49,[2]Hồng!$D$1:$M$21,10,FALSE),0) -> ok
A50: 48 | B50: Võ Thuỳ Trang | C50: nt như ý - 351 Tân Hoà Đông . Q.Bình Tân | D50: 0908822952 | E50: 351 Tân Hoà Dông, P.Bình Trị Đông,Bình Tân,Hồ Chí Minh | F50: =IFERROR(VLOOKUP(D50,[3]Bai1_VuotQua!$D$8:$I$143,6,FALSE),"NY") -> done | G50: =IFERROR(VLOOKUP(D50,[3]Bai2_VuotQua!$D$8:$I$120,6,FALSE),"NY") -> done | H50: =IFERROR(VLOOKUP(D50,[3]Bai3_VuotQua!$D$8:$I$122,6,FALSE),"NY") -> done | I50: =IFERROR(VLOOKUP(D50,[3]Bai4_VuotQua!$D$8:$I$117,6,FALSE),"NY") -> done | J50: =IF(AND(F50="done",G50="done",H50="done",I50="done"),"done all",IF(OR(AND(F50="done",G50="done",H50="done"),AND(F50="done",G50="done",I50="done"),AND(F50="done",H50="done",I50="done"),AND(G50="done",H50="done",I50="done")),"done 3 lession",IF(OR(AND(F50="done",G50="done"),AND(F50="done",H50="done"),AND(F50="done",I50="done"),AND(G50="done",H50="done"),AND(G50="done",I50="done"),AND(H50="done",I50="done")),"done 2 lession",IF(OR(F50="done",G50="done",H50="done",I50="done"),"done 1 lession","NY")))) -> done all | K50: =VLOOKUP($D50,[1]Bai1_View!$E$2:$J$177,5,FALSE) -> HCM | L50: =VLOOKUP($D50,[1]Bai1_View!$E$2:$J$177,6,FALSE) -> A. Tri | M50: =IFERROR(VLOOKUP(D50,[2]Hồng!$D$1:$M$21,10,FALSE),0) -> 0
A51: 49 | B51: Nguyễn Thị Hậu | C51: Nhà thuốc Mạnh Hà | D51: 0382939620 | E51: Số 145 Quan Nhân, P.Nhân Chính,Thanh Xuân,Hà Nội | F51: =IFERROR(VLOOKUP(D51,[3]Bai1_VuotQua!$D$8:$I$143,6,FALSE),"NY") -> NY | G51: =IFERROR(VLOOKUP(D51,[3]Bai2_VuotQua!$D$8:$I$120,6,FALSE),"NY") -> NY | H51: =IFERROR(VLOOKUP(D51,[3]Bai3_VuotQua!$D$8:$I$122,6,FALSE),"NY") -> NY | I51: =IFERROR(VLOOKUP(D51,[3]Bai4_VuotQua!$D$8:$I$117,6,FALSE),"NY") -> NY | J51: =IF(AND(F51="done",G51="done",H51="done",I51="done"),"done all",IF(OR(AND(F51="done",G51="done",H51="done"),AND(F51="done",G51="done",I51="done"),AND(F51="done",H51="done",I51="done"),AND(G51="done",H51="done",I51="done")),"done 3 lession",IF(OR(AND(F51="done",G51="done"),AND(F51="done",H51="done"),AND(F51="done",I51="done"),AND(G51="done",H51="done"),AND(G51="done",I51="done"),AND(H51="done",I51="done")),"done 2 lession",IF(OR(F51="done",G51="done",H51="done",I51="done"),"done 1 lession","NY")))) -> NY | K51: HN | L51: C. Quy | M51: =IFERROR(VLOOKUP(D51,[2]Hồng!$D$1:$M$21,10,FALSE),0) -> 0
A52: 50 | B52: Nguyễn Thị Thảo Nguyên | C52: Nha Thuoc Minh Khang | D52: 0907406779 | E52: 73 Tran Binh Trong- P. 1, P.01,Quận 5,Hồ Chí Minh | F52: =IFERROR(VLOOKUP(D52,[3]Bai1_VuotQua!$D$8:$I$143,6,FALSE),"NY") -> done | G52: =IFERROR(VLOOKUP(D52,[3]Bai2_VuotQua!$D$8:$I$120,6,FALSE),"NY") -> done | H52: =IFERROR(VLOOKUP(D52,[3]Bai3_VuotQua!$D$8:$I$122,6,FALSE),"NY") -> done | I52: =IFERROR(VLOOKUP(D52,[3]Bai4_VuotQua!$D$8:$I$117,6,FALSE),"NY") -> done | J52: =IF(AND(F52="done",G52="done",H52="done",I52="done"),"done all",IF(OR(AND(F52="done",G52="done",H52="done"),AND(F52="done",G52="done",I52="done"),AND(F52="done",H52="done",I52="done"),AND(G52="done",H52="done",I52="done")),"done 3 lession",IF(OR(AND(F52="done",G52="done"),AND(F52="done",H52="done"),AND(F52="done",I52="done"),AND(G52="done",H52="done"),AND(G52="done",I52="done"),AND(H52="done",I52="done")),"done 2 lession",IF(OR(F52="done",G52="done",H52="done",I52="done"),"done 1 lession","NY")))) -> done all | K52: =VLOOKUP($D52,[1]Bai1_View!$E$2:$J$177,5,FALSE) -> HCM | L52: =VLOOKUP($D52,[1]Bai1_View!$E$2:$J$177,6,FALSE) -> A. Tri | M52: =IFERROR(VLOOKUP(D52,[2]Hồng!$D$1:$M$21,10,FALSE),0) -> 0
A53: 51 | B53: Bùi Duy Anh | C53: Nhà thuốc Bảo Nguyên | D53: 0979894385 | E53: 451 lạc long quân, P.Xuân La,Tây Hồ,Hà Nội | F53: =IFERROR(VLOOKUP(D53,[3]Bai1_VuotQua!$D$8:$I$143,6,FALSE),"NY") -> NY | G53: =IFERROR(VLOOKUP(D53,[3]Bai2_VuotQua!$D$8:$I$120,6,FALSE),"NY") -> NY | H53: =IFERROR(VLOOKUP(D53,[3]Bai3_VuotQua!$D$8:$I$122,6,FALSE),"NY") -> NY | I53: =IFERROR(VLOOKUP(D53,[3]Bai4_VuotQua!$D$8:$I$117,6,FALSE),"NY") -> NY | J53: =IF(AND(F53="done",G53="done",H53="done",I53="done"),"done all",IF(OR(AND(F53="done",G53="done",H53="done"),AND(F53="done",G53="done",I53="done"),AND(F53="done",H53="done",I53="done"),AND(G53="done",H53="done",I53="done")),"done 3 lession",IF(OR(AND(F53="done",G53="done"),AND(F53="done",H53="done"),AND(F53="done",I53="done"),AND(G53="done",H53="done"),AND(G53="done",I53="done"),AND(H53="done",I53="done")),"done 2 lession",IF(OR(F53="done",G53="done",H53="done",I53="done"),"done 1 lession","NY")))) -> NY | K53: =VLOOKUP($D53,[1]Bai1_View!$E$2:$J$177,5,FALSE) -> HN | L53: =VLOOKUP($D53,[1]Bai1_View!$E$2:$J$177,6,FALSE) -> C. Quy | M53: =IFERROR(VLOOKUP(D53,[2]Hồng!$D$1:$M$21,10,FALSE),0) -> 0
A54: 52 | B54: TRẦN THỊ KIM | C54: NHÀ THUỐC NHẬT THANH | D54: 0335192655 | E54: 74 Lê Đức Thọ, P.07,Gò Vấp,Hồ Chí Minh | F54: =IFERROR(VLOOKUP(D54,[3]Bai1_VuotQua!$D$8:$I$143,6,FALSE),"NY") -> NY | G54: =IFERROR(VLOOKUP(D54,[3]Bai2_VuotQua!$D$8:$I$120,6,FALSE),"NY") -> NY | H54: =IFERROR(VLOOKUP(D54,[3]Bai3_VuotQua!$D$8:$I$122,6,FALSE),"NY") -> NY | I54: =IFERROR(VLOOKUP(D54,[3]Bai4_VuotQua!$D$8:$I$117,6,FALSE),"NY") -> NY | J54: =IF(AND(F54="done",G54="done",H54="done",I54="done"),"done all",IF(OR(AND(F54="done",G54="done",H54="done"),AND(F54="done",G54="done",I54="done"),AND(F54="done",H54="done",I54="done"),AND(G54="done",H54="done",I54="done")),"done 3 lession",IF(OR(AND(F54="done",G54="done"),AND(F54="done",H54="done"),AND(F54="done",I54="done"),AND(G54="done",H54="done"),AND(G54="done",I54="done"),AND(H54="done",I54="done")),"done 2 lession",IF(OR(F54="done",G54="done",H54="done",I54="done"),"done 1 lession","NY")))) -> NY | K54: =VLOOKUP($D54,[1]Bai1_View!$E$2:$J$177,5,FALSE) -> HCM | L54: =VLOOKUP($D54,[1]Bai1_View!$E$2:$J$177,6,FALSE) -> A. Tri | M54: =IFERROR(VLOOKUP(D54,[2]Hồng!$D$1:$M$21,10,FALSE),0) -> 0
A55: 53 | B55: Lê Hồng Ngọc Thoại | C55: NT minh trang | D55: 0348808485 | E55: 506 Nguyen van cong p3 gv, P.03,Gò Vấp,Hồ Chí Minh | F55: =IFERROR(VLOOKUP(D55,[3]Bai1_VuotQua!$D$8:$I$143,6,FALSE),"NY") -> NY | G55: =IFERROR(VLOOKUP(D55,[3]Bai2_VuotQua!$D$8:$I$120,6,FALSE),"NY") -> NY | H55: =IFERROR(VLOOKUP(D55,[3]Bai3_VuotQua!$D$8:$I$122,6,FALSE),"NY") -> NY | I55: =IFERROR(VLOOKUP(D55,[3]Bai4_VuotQua!$D$8:$I$117,6,FALSE),"NY") -> NY | J55: =IF(AND(F55="done",G55="done",H55="done",I55="done"),"done all",IF(OR(AND(F55="done",G55="done",H55="done"),AND(F55="done",G55="done",I55="done"),AND(F55="done",H55="done",I55="done"),AND(G55="done",H55="done",I55="done")),"done 3 lession",IF(OR(AND(F55="done",G55="done"),AND(F55="done",H55="done"),AND(F55="done",I55="done"),AND(G55="done",H55="done"),AND(G55="done",I55="done"),AND(H55="done",I55="done")),"done 2 lession",IF(OR(F55="done",G55="done",H55="done",I55="done"),"done 1 lession","NY")))) -> NY | K55: =VLOOKUP($D55,[1]Bai1_View!$E$2:$J$177,5,FALSE) -> HCM | L55: =VLOOKUP($D55,[1]Bai1_View!$E$2:$J$177,6,FALSE) -> A. Tri | M55: =IFERROR(VLOOKUP(D55,[2]Hồng!$D$1:$M$21,10,FALSE),0) -> 0
A56: 54 | B56: nguyễn thị bích hòa | C56: SÁNG TÂM | D56: 0905713139 | E56: 4 yersin , P.Xương Huân,Nha Trang,Khánh Hòa | F56: =IFERROR(VLOOKUP(D56,[3]Bai1_VuotQua!$D$8:$I$143,6,FALSE),"NY") -> done | G56: =IFERROR(VLOOKUP(D56,[3]Bai2_VuotQua!$D$8:$I$120,6,FALSE),"NY") -> done | H56: =IFERROR(VLOOKUP(D56,[3]Bai3_VuotQua!$D$8:$I$122,6,FALSE),"NY") -> done | I56: =IFERROR(VLOOKUP(D56,[3]Bai4_VuotQua!$D$8:$I$117,6,FALSE),"NY") -> done | J56: =IF(AND(F56="done",G56="done",H56="done",I56="done"),"done all",IF(OR(AND(F56="done",G56="done",H56="done"),AND(F56="done",G56="done",I56="done"),AND(F56="done",H56="done",I56="done"),AND(G56="done",H56="done",I56="done")),"done 3 lession",IF(OR(AND(F56="done",G56="done"),AND(F56="done",H56="done"),AND(F56="done",I56="done"),AND(G56="done",H56="done"),AND(G56="done",I56="done"),AND(H56="done",I56="done")),"done 2 lession",IF(OR(F56="done",G56="done",H56="done",I56="done"),"done 1 lession","NY")))) -> done all | K56: =VLOOKUP($D56,[1]Bai1_View!$E$2:$J$177,5,FALSE) -> Khánh Hòa | L56: =VLOOKUP($D56,[1]Bai1_View!$E$2:$J$177,6,FALSE) -> A. Tho | M56: =IFERROR(VLOOKUP(D56,[2]Hồng!$D$1:$M$21,10,FALSE),0) -> 0
A57: 55 | B57: Nguyễn Thị Huệ | C57: quầy thuốc số 04 | D57: 0986998280 | E57: 2775, P.Vân Cơ,Việt Trì,Phú Thọ | F57: =IFERROR(VLOOKUP(D57,[3]Bai1_VuotQua!$D$8:$I$143,6,FALSE),"NY") -> NY | G57: =IFERROR(VLOOKUP(D57,[3]Bai2_VuotQua!$D$8:$I$120,6,FALSE),"NY") -> NY | H57: =IFERROR(VLOOKUP(D57,[3]Bai3_VuotQua!$D$8:$I$122,6,FALSE),"NY") -> NY | I57: =IFERROR(VLOOKUP(D57,[3]Bai4_VuotQua!$D$8:$I$117,6,FALSE),"NY") -> NY | J57: =IF(AND(F57="done",G57="done",H57="done",I57="done"),"done all",IF(OR(AND(F57="done",G57="done",H57="done"),AND(F57="done",G57="done",I57="done"),AND(F57="done",H57="done",I57="done"),AND(G57="done",H57="done",I57="done")),"done 3 lession",IF(OR(AND(F57="done",G57="done"),AND(F57="done",H57="done"),AND(F57="done",I57="done"),AND(G57="done",H57="done"),AND(G57="done",I57="done"),AND(H57="done",I57="done")),"done 2 lession",IF(OR(F57="done",G57="done",H57="done",I57="done"),"done 1 lession","NY")))) -> NY | K57: =VLOOKUP($D57,[1]Bai1_View!$E$2:$J$177,5,FALSE) -> Phú Thọ | L57: =VLOOKUP($D57,[1]Bai1_View!$E$2:$J$177,6,FALSE) -> A. Tuan | M57: =IFERROR(VLOOKUP(D57,[2]Hồng!$D$1:$M$21,10,FALSE),0) -> 0
A58: 56 | B58: vo trung tri | C58: NT QUANG TRUNG | D58: 0904618036 | E58: 124 ngo gia tự, P.Cam Nghĩa,Cam Ranh,Khánh Hòa | F58: =IFERROR(VLOOKUP(D58,[3]Bai1_VuotQua!$D$8:$I$143,6,FALSE),"NY") -> NY | G58: =IFERROR(VLOOKUP(D58,[3]Bai2_VuotQua!$D$8:$I$120,6,FALSE),"NY") -> NY | H58: =IFERROR(VLOOKUP(D58,[3]Bai3_VuotQua!$D$8:$I$122,6,FALSE),"NY") -> NY | I58: =IFERROR(VLOOKUP(D58,[3]Bai4_VuotQua!$D$8:$I$117,6,FALSE),"NY") -> NY | J58: =IF(AND(F58="done",G58="done",H58="done",I58="done"),"done all",IF(OR(AND(F58="done",G58="done",H58="done"),AND(F58="done",G58="done",I58="done"),AND(F58="done",H58="done",I58="done"),AND(G58="done",H58="done",I58="done")),"done 3 lession",IF(OR(AND(F58="done",G58="done"),AND(F58="done",H58="done"),AND(F58="done",I58="done"),AND(G58="done",H58="done"),AND(G58="done",I58="done"),AND(H58="done",I58="done")),"done 2 lession",IF(OR(F58="done",G58="done",H58="done",I58="done"),"done 1 lession","NY")))) -> NY | K58: =VLOOKUP($D58,[1]Bai1_View!$E$2:$J$177,5,FALSE) -> Khánh Hòa | L58: =VLOOKUP($D58,[1]Bai1_View!$E$2:$J$177,6,FALSE) -> A. Tho | M58: =IFERROR(VLOOKUP(D58,[2]Hồng!$D$1:$M$21,10,FALSE),0) -> 0
A59: 57 | B59: Nguyen Thi Kim Hong | C59: NT An | D59: 0909473674 | E59: G4A, P.15,Quận 10,Hồ Chí Minh | F59: =IFERROR(VLOOKUP(D59,[3]Bai1_VuotQua!$D$8:$I$143,6,FALSE),"NY") -> NY | G59: =IFERROR(VLOOKUP(D59,[3]Bai2_VuotQua!$D$8:$I$120,6,FALSE),"NY") -> done | H59: =IFERROR(VLOOKUP(D59,[3]Bai3_VuotQua!$D$8:$I$122,6,FALSE),"NY") -> done | I59: =IFERROR(VLOOKUP(D59,[3]Bai4_VuotQua!$D$8:$I$117,6,FALSE),"NY") -> done | J59: =IF(AND(F59="done",G59="done",H59="done",I59="done"),"done all",IF(OR(AND(F59="done",G59="done",H59="done"),AND(F59="done",G59="done",I59="done"),AND(F59="done",H59="done",I59="done"),AND(G59="done",H59="done",I59="done")),"done 3 lession",IF(OR(AND(F59="done",G59="done"),AND(F59="done",H59="done"),AND(F59="done",I59="done"),AND(G59="done",H59="done"),AND(G59="done",I59="done"),AND(H59="done",I59="done")),"done 2 lession",IF(OR(F59="done",G59="done",H59="done",I59="done"),"done 1 lession","NY")))) -> done 3 lession | K59: =VLOOKUP($D59,[1]Bai1_View!$E$2:$J$177,5,FALSE) -> HCM | L59: =VLOOKUP($D59,[1]Bai1_View!$E$2:$J$177,6,FALSE) -> A. Tri | M59: =IFERROR(VLOOKUP(D59,[2]Hồng!$D$1:$M$21,10,FALSE),0) -> 0
A60: 58 | B60: Trần Thị Tuyết | C60: NT Linh Chi | D60: 0337319911 | E60: 270 Trường Chinh, P.Lê Lợi,Vinh,Nghệ An | F60: =IFERROR(VLOOKUP(D60,[3]Bai1_VuotQua!$D$8:$I$143,6,FALSE),"NY") -> NY | G60: =IFERROR(VLOOKUP(D60,[3]Bai2_VuotQua!$D$8:$I$120,6,FALSE),"NY") -> NY | H60: =IFERROR(VLOOKUP(D60,[3]Bai3_VuotQua!$D$8:$I$122,6,FALSE),"NY") -> NY | I60: =IFERROR(VLOOKUP(D60,[3]Bai4_VuotQua!$D$8:$I$117,6,FALSE),"NY") -> NY | J60: =IF(AND(F60="done",G60="done",H60="done",I60="done"),"done all",IF(OR(AND(F60="done",G60="done",H60="done"),AND(F60="done",G60="done",I60="done"),AND(F60="done",H60="done",I60="done"),AND(G60="done",H60="done",I60="done")),"done 3 lession",IF(OR(AND(F60="done",G60="done"),AND(F60="done",H60="done"),AND(F60="done",I60="done"),AND(G60="done",H60="done"),AND(G60="done",I60="done"),AND(H60="done",I60="done")),"done 2 lession",IF(OR(F60="done",G60="done",H60="done",I60="done"),"done 1 lession","NY")))) -> NY | K60: =VLOOKUP($D60,[1]Bai1_View!$E$2:$J$177,5,FALSE) -> Nghệ An | L60: =VLOOKUP($D60,[1]Bai1_View!$E$2:$J$177,6,FALSE) -> A. Tuan | M60: =IFERROR(VLOOKUP(D60,[2]Hồng!$D$1:$M$21,10,FALSE),0) -> 0
A61: 59 | B61: Nguyễn thị ánh tuyết | C61: gia phong | D61: 0838313886 | E61: 54, P.Đống Mác,Hai Bà Trưng,Hà Nội | F61: =IFERROR(VLOOKUP(D61,[3]Bai1_VuotQua!$D$8:$I$143,6,FALSE),"NY") -> done | G61: =IFERROR(VLOOKUP(D61,[3]Bai2_VuotQua!$D$8:$I$120,6,FALSE),"NY") -> done | H61: =IFERROR(VLOOKUP(D61,[3]Bai3_VuotQua!$D$8:$I$122,6,FALSE),"NY") -> done | I61: =IFERROR(VLOOKUP(D61,[3]Bai4_VuotQua!$D$8:$I$117,6,FALSE),"NY") -> done | J61: done all | K61: HN | L61: C. Quy | M61: =IFERROR(VLOOKUP(D61,[2]Hồng!$D$1:$M$21,10,FALSE),0) -> Đã học xong hôm nay 8/1/2020
A62: 60 | B62: Võ Thị Bút | C62: Nha thuoc Quốc Bảo | D62: 0938855106 | E62: A49 Nguyễn Thần Hiến, P.18,Quận 4,Hồ Chí Minh | F62: =IFERROR(VLOOKUP(D62,[3]Bai1_VuotQua!$D$8:$I$143,6,FALSE),"NY") -> NY | G62: =IFERROR(VLOOKUP(D62,[3]Bai2_VuotQua!$D$8:$I$120,6,FALSE),"NY") -> NY | H62: =IFERROR(VLOOKUP(D62,[3]Bai3_VuotQua!$D$8:$I$122,6,FALSE),"NY") -> NY | I62: =IFERROR(VLOOKUP(D62,[3]Bai4_VuotQua!$D$8:$I$117,6,FALSE),"NY") -> NY | J62: =IF(AND(F62="done",G62="done",H62="done",I62="done"),"done all",IF(OR(AND(F62="done",G62="done",H62="done"),AND(F62="done",G62="done",I62="done"),AND(F62="done",H62="done",I62="done"),AND(G62="done",H62="done",I62="done")),"done 3 lession",IF(OR(AND(F62="done",G62="done"),AND(F62="done",H62="done"),AND(F62="done",I62="done"),AND(G62="done",H62="done"),AND(G62="done",I62="done"),AND(H62="done",I62="done")),"done 2 lession",IF(OR(F62="done",G62="done",H62="done",I62="done"),"done 1 lession","NY")))) -> NY | K62: HCM | L62: A. Tri | M62: =IFERROR(VLOOKUP(D62,[2]Hồng!$D$1:$M$21,10,FALSE),0) -> 0
A63: 61 | B63: Thuỷ | C63: NT Thanh Thủy | D63: 0975994088 | E63: 180 Xuân Diệu, P.Yên Phụ,Tây Hồ,Hà Nội | F63: =IFERROR(VLOOKUP(D63,[3]Bai1_VuotQua!$D$8:$I$143,6,FALSE),"NY") -> NY | G63: =IFERROR(VLOOKUP(D63,[3]Bai2_VuotQua!$D$8:$I$120,6,FALSE),"NY") -> NY | H63: =IFERROR(VLOOKUP(D63,[3]Bai3_VuotQua!$D$8:$I$122,6,FALSE),"NY") -> NY | I63: =IFERROR(VLOOKUP(D63,[3]Bai4_VuotQua!$D$8:$I$117,6,FALSE),"NY") -> NY | J63: =IF(AND(F63="done",G63="done",H63="done",I63="done"),"done all",IF(OR(AND(F63="done",G63="done",H63="done"),AND(F63="done",G63="done",I63="done"),AND(F63="done",H63="done",I63="done"),AND(G63="done",H63="done",I63="done")),"done 3 lession",IF(OR(AND(F63="done",G63="done"),AND(F63="done",H63="done"),AND(F63="done",I63="done"),AND(G63="done",H63="done"),AND(G63="done",I63="done"),AND(H63="done",I63="done")),"done 2 lession",IF(OR(F63="done",G63="done",H63="done",I63="done"),"done 1 lession","NY")))) -> NY | K63: =VLOOKUP($D63,[1]Bai1_View!$E$2:$J$177,5,FALSE) -> HN | L63: =VLOOKUP($D63,[1]Bai1_View!$E$2:$J$177,6,FALSE) -> C. Quy | M63: =IFERROR(VLOOKUP(D63,[2]Hồng!$D$1:$M$21,10,FALSE),0) -> 0
A64: 62 | B64: Đinh Thị Thu Nga | C64: nhà thuốc Hương Nga | D64: 0379361655 | E64: 59 Trần Đại Nghĩa, P.Bách Khoa,Hai Bà Trưng,Hà Nội | F64: =IFERROR(VLOOKUP(D64,[3]Bai1_VuotQua!$D$8:$I$143,6,FALSE),"NY") -> done | G64: =IFERROR(VLOOKUP(D64,[3]Bai2_VuotQua!$D$8:$I$120,6,FALSE),"NY") -> done | H64: =IFERROR(VLOOKUP(D64,[3]Bai3_VuotQua!$D$8:$I$122,6,FALSE),"NY") -> done | I64: =IFERROR(VLOOKUP(D64,[3]Bai4_VuotQua!$D$8:$I$117,6,FALSE),"NY") -> done | J64: =IF(AND(F64="done",G64="done",H64="done",I64="done"),"done all",IF(OR(AND(F64="done",G64="done",H64="done"),AND(F64="done",G64="done",I64="done"),AND(F64="done",H64="done",I64="done"),AND(G64="done",H64="done",I64="done")),"done 3 lession",IF(OR(AND(F64="done",G64="done"),AND(F64="done",H64="done"),AND(F64="done",I64="done"),AND(G64="done",H64="done"),AND(G64="done",I64="done"),AND(H64="done",I64="done")),"done 2 lession",IF(OR(F64="done",G64="done",H64="done",I64="done"),"done 1 lession","NY")))) -> done all | K64: =VLOOKUP($D64,[1]Bai1_View!$E$2:$J$177,5,FALSE) -> HN | L64: =VLOOKUP($D64,[1]Bai1_View!$E$2:$J$177,6,FALSE) -> C. Quy | M64: =IFERROR(VLOOKUP(D64,[2]Hồng!$D$1:$M$21,10,FALSE),0) -> ok
A65: 63 | B65: NGUYỄN THỊ VIỄN HỒNG | C65: NT NGUYỄN THÔNG | D65: 0903781130 | E65: 55 BIS A NGUYỄN THÔNG, P.09,Quận 3,Hồ Chí Minh | F65: =IFERROR(VLOOKUP(D65,[3]Bai1_VuotQua!$D$8:$I$143,6,FALSE),"NY") -> NY | G65: =IFERROR(VLOOKUP(D65,[3]Bai2_VuotQua!$D$8:$I$120,6,FALSE),"NY") -> NY | H65: =IFERROR(VLOOKUP(D65,[3]Bai3_VuotQua!$D$8:$I$122,6,FALSE),"NY") -> NY | I65: =IFERROR(VLOOKUP(D65,[3]Bai4_VuotQua!$D$8:$I$117,6,FALSE),"NY") -> NY | J65: =IF(AND(F65="done",G65="done",H65="done",I65="done"),"done all",IF(OR(AND(F65="done",G65="done",H65="done"),AND(F65="done",G65="done",I65="done"),AND(F65="done",H65="done",I65="done"),AND(G65="done",H65="done",I65="done")),"done 3 lession",IF(OR(AND(F65="done",G65="done"),AND(F65="done",H65="done"),AND(F65="done",I65="done"),AND(G65="done",H65="done"),AND(G65="done",I65="done"),AND(H65="done",I65="done")),"done 2 lession",IF(OR(F65="done",G65="done",H65="done",I65="done"),"done 1 lession","NY")))) -> NY | K65: =VLOOKUP($D65,[1]Bai1_View!$E$2:$J$177,5,FALSE) -> HCM | L65: =VLOOKUP($D65,[1]Bai1_View!$E$2:$J$177,6,FALSE) -> A. Tri | M65: =IFERROR(VLOOKUP(D65,[2]Hồng!$D$1:$M$21,10,FALSE),0) -> 0
A66: 64 | B66: Nguyễn Thị Anh Đào | C66: NT KIM OANH | D66: 0973732068 | E66: 493 Nguyễn Văn Công, P.03,Gò Vấp,Hồ Chí Minh | F66: =IFERROR(VLOOKUP(D66,[3]Bai1_VuotQua!$D$8:$I$143,6,FALSE),"NY") -> done | G66: =IFERROR(VLOOKUP(D66,[3]Bai2_VuotQua!$D$8:$I$120,6,FALSE),"NY") -> done | H66: =IFERROR(VLOOKUP(D66,[3]Bai3_VuotQua!$D$8:$I$122,6,FALSE),"NY") -> done | I66: =IFERROR(VLOOKUP(D66,[3]Bai4_VuotQua!$D$8:$I$117,6,FALSE),"NY") -> done | J66: =IF(AND(F66="done",G66="done",H66="done",I66="done"),"done all",IF(OR(AND(F66="done",G66="done",H66="done"),AND(F66="done",G66="done",I66="done"),AND(F66="done",H66="done",I66="done"),AND(G66="done",H66="done",I66="done")),"done 3 lession",IF(OR(AND(F66="done",G66="done"),AND(F66="done",H66="done"),AND(F66="done",I66="done"),AND(G66="done",H66="done"),AND(G66="done",I66="done"),AND(H66="done",I66="done")),"done 2 lession",IF(OR(F66="done",G66="done",H66="done",I66="done"),"done 1 lession","NY")))) -> done all | K66: =VLOOKUP($D66,[1]Bai1_View!$E$2:$J$177,5,FALSE) -> HCM | L66: =VLOOKUP($D66,[1]Bai1_View!$E$2:$J$177,6,FALSE) -> A. Tri | M66: =IFERROR(VLOOKUP(D66,[2]Hồng!$D$1:$M$21,10,FALSE),0) -> 0
A67: 65 | B67: diệp thị thanh thuận | C67: quầy thuốc vạn phúc 1 | D67: 0853951656 | E67: 91 trần quý cáp, P.Diên Khánh,Diên Khánh,Khánh Hòa | F67: =IFERROR(VLOOKUP(D67,[3]Bai1_VuotQua!$D$8:$I$143,6,FALSE),"NY") -> NY | G67: =IFERROR(VLOOKUP(D67,[3]Bai2_VuotQua!$D$8:$I$120,6,FALSE),"NY") -> NY | H67: =IFERROR(VLOOKUP(D67,[3]Bai3_VuotQua!$D$8:$I$122,6,FALSE),"NY") -> NY | I67: =IFERROR(VLOOKUP(D67,[3]Bai4_VuotQua!$D$8:$I$117,6,FALSE),"NY") -> NY | J67: =IF(AND(F67="done",G67="done",H67="done",I67="done"),"done all",IF(OR(AND(F67="done",G67="done",H67="done"),AND(F67="done",G67="done",I67="done"),AND(F67="done",H67="done",I67="done"),AND(G67="done",H67="done",I67="done")),"done 3 lession",IF(OR(AND(F67="done",G67="done"),AND(F67="done",H67="done"),AND(F67="done",I67="done"),AND(G67="done",H67="done"),AND(G67="done",I67="done"),AND(H67="done",I67="done")),"done 2 lession",IF(OR(F67="done",G67="done",H67="done",I67="done"),"done 1 lession","NY")))) -> NY | K67: =VLOOKUP($D67,[1]Bai1_View!$E$2:$J$177,5,FALSE) -> Khánh Hòa | L67: =VLOOKUP($D67,[1]Bai1_View!$E$2:$J$177,6,FALSE) -> A. Tho | M67: =IFERROR(VLOOKUP(D67,[2]Hồng!$D$1:$M$21,10,FALSE),0) -> 0
A68: 66 | B68: phạm thi mỹ Duyên | C68: nha thuốc Thanh Huyền | D68: 0971399267 | E68: 66 to 22 mai dịch, P.Mai Dịch,Cầu Giấy,Hà Nội | F68: =IFERROR(VLOOKUP(D68,[3]Bai1_VuotQua!$D$8:$I$143,6,FALSE),"NY") -> done | G68: =IFERROR(VLOOKUP(D68,[3]Bai2_VuotQua!$D$8:$I$120,6,FALSE),"NY") -> done | H68: =IFERROR(VLOOKUP(D68,[3]Bai3_VuotQua!$D$8:$I$122,6,FALSE),"NY") -> done | I68: =IFERROR(VLOOKUP(D68,[3]Bai4_VuotQua!$D$8:$I$117,6,FALSE),"NY") -> done | J68: =IF(AND(F68="done",G68="done",H68="done",I68="done"),"done all",IF(OR(AND(F68="done",G68="done",H68="done"),AND(F68="done",G68="done",I68="done"),AND(F68="done",H68="done",I68="done"),AND(G68="done",H68="done",I68="done")),"done 3 lession",IF(OR(AND(F68="done",G68="done"),AND(F68="done",H68="done"),AND(F68="done",I68="done"),AND(G68="done",H68="done"),AND(G68="done",I68="done"),AND(H68="done",I68="done")),"done 2 lession",IF(OR(F68="done",G68="done",H68="done",I68="done"),"done 1 lession","NY")))) -> done all | K68: =VLOOKUP($D68,[1]Bai1_View!$E$2:$J$177,5,FALSE) -> HN | L68: C. Quy | M68: =IFERROR(VLOOKUP(D68,[2]Hồng!$D$1:$M$21,10,FALSE),0) -> 0
A69: 67 | B69: võ hoàng thái | C69: nhà thuốc ngọc thủy | D69: 0932344890 | E69: 203/1 lac long quân , P.03,Quận 11,Hồ Chí Minh | F69: =IFERROR(VLOOKUP(D69,[3]Bai1_VuotQua!$D$8:$I$143,6,FALSE),"NY") -> done | G69: =IFERROR(VLOOKUP(D69,[3]Bai2_VuotQua!$D$8:$I$120,6,FALSE),"NY") -> done | H69: =IFERROR(VLOOKUP(D69,[3]Bai3_VuotQua!$D$8:$I$122,6,FALSE),"NY") -> done | I69: =IFERROR(VLOOKUP(D69,[3]Bai4_VuotQua!$D$8:$I$117,6,FALSE),"NY") -> done | J69: =IF(AND(F69="done",G69="done",H69="done",I69="done"),"done all",IF(OR(AND(F69="done",G69="done",H69="done"),AND(F69="done",G69="done",I69="done"),AND(F69="done",H69="done",I69="done"),AND(G69="done",H69="done",I69="done")),"done 3 lession",IF(OR(AND(F69="done",G69="done"),AND(F69="done",H69="done"),AND(F69="done",I69="done"),AND(G69="done",H69="done"),AND(G69="done",I69="done"),AND(H69="done",I69="done")),"done 2 lession",IF(OR(F69="done",G69="done",H69="done",I69="done"),"done 1 lession","NY")))) -> done all | K69: =VLOOKUP($D69,[1]Bai1_View!$E$2:$J$177,5,FALSE) -> HCM | L69: =VLOOKUP($D69,[1]Bai1_View!$E$2:$J$177,6,FALSE) -> A. Tri | M69: =IFERROR(VLOOKUP(D69,[2]Hồng!$D$1:$M$21,10,FALSE),0) -> 0
A70: 68 | B70: Văn Mỹ Phụng | C70: NHA THUOC KHANH NGOC | D70: 0856930090 | E70: 380P/14B Nguyễn Văn Cừ, P.Xuân Khánh,Ninh Kiều,Cần Thơ | F70: =IFERROR(VLOOKUP(D70,[3]Bai1_VuotQua!$D$8:$I$143,6,FALSE),"NY") -> done | G70: =IFERROR(VLOOKUP(D70,[3]Bai2_VuotQua!$D$8:$I$120,6,FALSE),"NY") -> done | H70: =IFERROR(VLOOKUP(D70,[3]Bai3_VuotQua!$D$8:$I$122,6,FALSE),"NY") -> done | I70: =IFERROR(VLOOKUP(D70,[3]Bai4_VuotQua!$D$8:$I$117,6,FALSE),"NY") -> done | J70: =IF(AND(F70="done",G70="done",H70="done",I70="done"),"done all",IF(OR(AND(F70="done",G70="done",H70="done"),AND(F70="done",G70="done",I70="done"),AND(F70="done",H70="done",I70="done"),AND(G70="done",H70="done",I70="done")),"done 3 lession",IF(OR(AND(F70="done",G70="done"),AND(F70="done",H70="done"),AND(F70="done",I70="done"),AND(G70="done",H70="done"),AND(G70="done",I70="done"),AND(H70="done",I70="done")),"done 2 lession",IF(OR(F70="done",G70="done",H70="done",I70="done"),"done 1 lession","NY")))) -> done all | K70: =VLOOKUP($D70,[1]Bai1_View!$E$2:$J$177,5,FALSE) -> Cần Thơ | L70: =VLOOKUP($D70,[1]Bai1_View!$E$2:$J$177,6,FALSE) -> A. Tho | M70: =IFERROR(VLOOKUP(D70,[2]Hồng!$D$1:$M$21,10,FALSE),0) -> 0
A71: 69 | B71: Bùi Thị Nhật | C71: nhà thuốc Phương Chính | D71: 0962541648 | E71: 169 Mai Hac De, P.Lê Đại Hành,Hai Bà Trưng,Hà Nội | F71: =IFERROR(VLOOKUP(D71,[3]Bai1_VuotQua!$D$8:$I$143,6,FALSE),"NY") -> done | G71: =IFERROR(VLOOKUP(D71,[3]Bai2_VuotQua!$D$8:$I$120,6,FALSE),"NY") -> done | H71: =IFERROR(VLOOKUP(D71,[3]Bai3_VuotQua!$D$8:$I$122,6,FALSE),"NY") -> done | I71: =IFERROR(VLOOKUP(D71,[3]Bai4_VuotQua!$D$8:$I$117,6,FALSE),"NY") -> done | J71: =IF(AND(F71="done",G71="done",H71="done",I71="done"),"done all",IF(OR(AND(F71="done",G71="done",H71="done"),AND(F71="done",G71="done",I71="done"),AND(F71="done",H71="done",I71="done"),AND(G71="done",H71="done",I71="done")),"done 3 lession",IF(OR(AND(F71="done",G71="done"),AND(F71="done",H71="done"),AND(F71="done",I71="done"),AND(G71="done",H71="done"),AND(G71="done",I71="done"),AND(H71="done",I71="done")),"done 2 lession",IF(OR(F71="done",G71="done",H71="done",I71="done"),"done 1 lession","NY")))) -> done all | K71: HN | L71: C. Quy | M71: =IFERROR(VLOOKUP(D71,[2]Hồng!$D$1:$M$21,10,FALSE),0) -> ok
A72: 70 | B72: Hạnh | C72: Hạnh Quyền | D72: 0979379730 | E72: 28 Đội Cấn, P.Đội Cấn,Ba Đình,Hà Nội | F72: =IFERROR(VLOOKUP(D72,[3]Bai1_VuotQua!$D$8:$I$143,6,FALSE),"NY") -> done | G72: =IFERROR(VLOOKUP(D72,[3]Bai2_VuotQua!$D$8:$I$120,6,FALSE),"NY") -> done | H72: =IFERROR(VLOOKUP(D72,[3]Bai3_VuotQua!$D$8:$I$122,6,FALSE),"NY") -> done | I72: =IFERROR(VLOOKUP(D72,[3]Bai4_VuotQua!$D$8:$I$117,6,FALSE),"NY") -> done | J72: =IF(AND(F72="done",G72="done",H72="done",I72="done"),"done all",IF(OR(AND(F72="done",G72="done",H72="done"),AND(F72="done",G72="done",I72="done"),AND(F72="done",H72="done",I72="done"),AND(G72="done",H72="done",I72="done")),"done 3 lession",IF(OR(AND(F72="done",G72="done"),AND(F72="done",H72="done"),AND(F72="done",I72="done"),AND(G72="done",H72="done"),AND(G72="done",I72="done"),AND(H72="done",I72="done")),"done 2 lession",IF(OR(F72="done",G72="done",H72="done",I72="done"),"done 1 lession","NY")))) -> done all | K72: =VLOOKUP($D72,[1]Bai1_View!$E$2:$J$177,5,FALSE) -> HN | L72: =VLOOKUP($D72,[1]Bai1_View!$E$2:$J$177,6,FALSE) -> C. Quy | M72: =IFERROR(VLOOKUP(D72,[2]Hồng!$D$1:$M$21,10,FALSE),0) -> 0
A73: 71 | B73: Bùi Thị Hoa | C73: Nhà Thuốc Tân An | D73: 0912174547 | E73: 1/1, ấp An Hòa, P.Hóa An,Biên Hòa,Đồng Nai | F73: =IFERROR(VLOOKUP(D73,[3]Bai1_VuotQua!$D$8:$I$143,6,FALSE),"NY") -> done | G73: =IFERROR(VLOOKUP(D73,[3]Bai2_VuotQua!$D$8:$I$120,6,FALSE),"NY") -> done | H73: =IFERROR(VLOOKUP(D73,[3]Bai3_VuotQua!$D$8:$I$122,6,FALSE),"NY") -> done | I73: =IFERROR(VLOOKUP(D73,[3]Bai4_VuotQua!$D$8:$I$117,6,FALSE),"NY") -> done | J73: =IF(AND(F73="done",G73="done",H73="done",I73="done"),"done all",IF(OR(AND(F73="done",G73="done",H73="done"),AND(F73="done",G73="done",I73="done"),AND(F73="done",H73="done",I73="done"),AND(G73="done",H73="done",I73="done")),"done 3 lession",IF(OR(AND(F73="done",G73="done"),AND(F73="done",H73="done"),AND(F73="done",I73="done"),AND(G73="done",H73="done"),AND(G73="done",I73="done"),AND(H73="done",I73="done")),"done 2 lession",IF(OR(F73="done",G73="done",H73="done",I73="done"),"done 1 lession","NY")))) -> done all | K73: =VLOOKUP($D73,[1]Bai1_View!$E$2:$J$177,5,FALSE) -> Đồng Nai | L73: =VLOOKUP($D73,[1]Bai1_View!$E$2:$J$177,6,FALSE) -> A. Tho | M73: =IFERROR(VLOOKUP(D73,[2]Hồng!$D$1:$M$21,10,FALSE),0) -> 0
A74: 72 | B74: Trần Thị Thu Huyền | C74: Nhà thuốc Hải Chiến | D74: 0967861178 | E74: 132, P.Phùng,Đan Phượng,Hà Nội | F74: =IFERROR(VLOOKUP(D74,[3]Bai1_VuotQua!$D$8:$I$143,6,FALSE),"NY") -> done | G74: =IFERROR(VLOOKUP(D74,[3]Bai2_VuotQua!$D$8:$I$120,6,FALSE),"NY") -> NY | H74: =IFERROR(VLOOKUP(D74,[3]Bai3_VuotQua!$D$8:$I$122,6,FALSE),"NY") -> NY | I74: =IFERROR(VLOOKUP(D74,[3]Bai4_VuotQua!$D$8:$I$117,6,FALSE),"NY") -> NY | J74: =IF(AND(F74="done",G74="done",H74="done",I74="done"),"done all",IF(OR(AND(F74="done",G74="done",H74="done"),AND(F74="done",G74="done",I74="done"),AND(F74="done",H74="done",I74="done"),AND(G74="done",H74="done",I74="done")),"done 3 lession",IF(OR(AND(F74="done",G74="done"),AND(F74="done",H74="done"),AND(F74="done",I74="done"),AND(G74="done",H74="done"),AND(G74="done",I74="done"),AND(H74="done",I74="done")),"done 2 lession",IF(OR(F74="done",G74="done",H74="done",I74="done"),"done 1 lession","NY")))) -> done 1 lession | K74: HN | L74: C. Quy | M74: =IFERROR(VLOOKUP(D74,[2]Hồng!$D$1:$M$21,10,FALSE),0) -> 0
A75: 73 | B75: Bùi Thị Hồng | C75: NT Kim Châu | D75: 0907909622 | E75: 16 Hồ Bá Kiện - P.15, P.15,Quận 10,Hồ Chí Minh | F75: =IFERROR(VLOOKUP(D75,[3]Bai1_VuotQua!$D$8:$I$143,6,FALSE),"NY") -> NY | G75: =IFERROR(VLOOKUP(D75,[3]Bai2_VuotQua!$D$8:$I$120,6,FALSE),"NY") -> NY | H75: =IFERROR(VLOOKUP(D75,[3]Bai3_VuotQua!$D$8:$I$122,6,FALSE),"NY") -> NY | I75: =IFERROR(VLOOKUP(D75,[3]Bai4_VuotQua!$D$8:$I$117,6,FALSE),"NY") -> NY | J75: =IF(AND(F75="done",G75="done",H75="done",I75="done"),"done all",IF(OR(AND(F75="done",G75="done",H75="done"),AND(F75="done",G75="done",I75="done"),AND(F75="done",H75="done",I75="done"),AND(G75="done",H75="done",I75="done")),"done 3 lession",IF(OR(AND(F75="done",G75="done"),AND(F75="done",H75="done"),AND(F75="done",I75="done"),AND(G75="done",H75="done"),AND(G75="done",I75="done"),AND(H75="done",I75="done")),"done 2 lession",IF(OR(F75="done",G75="done",H75="done",I75="done"),"done 1 lession","NY")))) -> NY | K75: =VLOOKUP($D75,[1]Bai1_View!$E$2:$J$177,5,FALSE) -> HCM | L75: =VLOOKUP($D75,[1]Bai1_View!$E$2:$J$177,6,FALSE) -> A. Tri | M75: =IFERROR(VLOOKUP(D75,[2]Hồng!$D$1:$M$21,10,FALSE),0) -> 0
A76: 74 | B76: Nguyễn thị huế | C76: nhà thuốc 36 | D76: 0383720189 | E76: Số 4, ngõ 58, phố trần bình, P.Mai Dịch,Cầu Giấy,Hà Nội | F76: =IFERROR(VLOOKUP(D76,[3]Bai1_VuotQua!$D$8:$I$143,6,FALSE),"NY") -> done | G76: =IFERROR(VLOOKUP(D76,[3]Bai2_VuotQua!$D$8:$I$120,6,FALSE),"NY") -> done | H76: =IFERROR(VLOOKUP(D76,[3]Bai3_VuotQua!$D$8:$I$122,6,FALSE),"NY") -> done | I76: =IFERROR(VLOOKUP(D76,[3]Bai4_VuotQua!$D$8:$I$117,6,FALSE),"NY") -> NY | J76: =IF(AND(F76="done",G76="done",H76="done",I76="done"),"done all",IF(OR(AND(F76="done",G76="done",H76="done"),AND(F76="done",G76="done",I76="done"),AND(F76="done",H76="done",I76="done"),AND(G76="done",H76="done",I76="done")),"done 3 lession",IF(OR(AND(F76="done",G76="done"),AND(F76="done",H76="done"),AND(F76="done",I76="done"),AND(G76="done",H76="done"),AND(G76="done",I76="done"),AND(H76="done",I76="done")),"done 2 lession",IF(OR(F76="done",G76="done",H76="done",I76="done"),"done 1 lession","NY")))) -> done 3 lession | K76: HN | L76: C. Quy | M76: =IFERROR(VLOOKUP(D76,[2]Hồng!$D$1:$M$21,10,FALSE),0) -> 0
A77: 75 | B77: Đỗ Thị Trúc Mai | C77: Nhà thuốc Khang An | D77: 0342826369 | E77: 176A Thống Nhất, P.Phương Sài,Nha Trang,Khánh Hòa | F77: =IFERROR(VLOOKUP(D77,[3]Bai1_VuotQua!$D$8:$I$143,6,FALSE),"NY") -> done | G77: =IFERROR(VLOOKUP(D77,[3]Bai2_VuotQua!$D$8:$I$120,6,FALSE),"NY") -> done | H77: =IFERROR(VLOOKUP(D77,[3]Bai3_VuotQua!$D$8:$I$122,6,FALSE),"NY") -> done | I77: =IFERROR(VLOOKUP(D77,[3]Bai4_VuotQua!$D$8:$I$117,6,FALSE),"NY") -> done | J77: =IF(AND(F77="done",G77="done",H77="done",I77="done"),"done all",IF(OR(AND(F77="done",G77="done",H77="done"),AND(F77="done",G77="done",I77="done"),AND(F77="done",H77="done",I77="done"),AND(G77="done",H77="done",I77="done")),"done 3 lession",IF(OR(AND(F77="done",G77="done"),AND(F77="done",H77="done"),AND(F77="done",I77="done"),AND(G77="done",H77="done"),AND(G77="done",I77="done"),AND(H77="done",I77="done")),"done 2 lession",IF(OR(F77="done",G77="done",H77="done",I77="done"),"done 1 lession","NY")))) -> done all | K77: =VLOOKUP($D77,[1]Bai1_View!$E$2:$J$177,5,FALSE) -> Khánh Hòa | L77: =VLOOKUP($D77,[1]Bai1_View!$E$2:$J$177,6,FALSE) -> A. Tho | M77: =IFERROR(VLOOKUP(D77,[2]Hồng!$D$1:$M$21,10,FALSE),0) -> 0
A78: 76 | B78: Chiêu Phước Lộc | C78: Nhà thuốc Bình Châu | D78: 0939544608 | E78: 315A/10 nguyễn văn linh, P.An Khánh,Ninh Kiều,Cần Thơ | F78: =IFERROR(VLOOKUP(D78,[3]Bai1_VuotQua!$D$8:$I$143,6,FALSE),"NY") -> NY | G78: =IFERROR(VLOOKUP(D78,[3]Bai2_VuotQua!$D$8:$I$120,6,FALSE),"NY") -> NY | H78: =IFERROR(VLOOKUP(D78,[3]Bai3_VuotQua!$D$8:$I$122,6,FALSE),"NY") -> NY | I78: =IFERROR(VLOOKUP(D78,[3]Bai4_VuotQua!$D$8:$I$117,6,FALSE),"NY") -> NY | J78: =IF(AND(F78="done",G78="done",H78="done",I78="done"),"done all",IF(OR(AND(F78="done",G78="done",H78="done"),AND(F78="done",G78="done",I78="done"),AND(F78="done",H78="done",I78="done"),AND(G78="done",H78="done",I78="done")),"done 3 lession",IF(OR(AND(F78="done",G78="done"),AND(F78="done",H78="done"),AND(F78="done",I78="done"),AND(G78="done",H78="done"),AND(G78="done",I78="done"),AND(H78="done",I78="done")),"done 2 lession",IF(OR(F78="done",G78="done",H78="done",I78="done"),"done 1 lession","NY")))) -> NY | K78: =VLOOKUP($D78,[1]Bai1_View!$E$2:$J$177,5,FALSE) -> Cần Thơ | L78: =VLOOKUP($D78,[1]Bai1_View!$E$2:$J$177,6,FALSE) -> A. Tho | M78: =IFERROR(VLOOKUP(D78,[2]Hồng!$D$1:$M$21,10,FALSE),0) -> 0
A79: 77 | B79: Nguyễn Thị Hoa | C79: Nhà thuốc hoài thu | D79: 033650324 | E79: 45/295 bạch mai, P.Bạch Mai,Hai Bà Trưng,Hà Nội | F79: =IFERROR(VLOOKUP(D79,[3]Bai1_VuotQua!$D$8:$I$143,6,FALSE),"NY") -> done | G79: =IFERROR(VLOOKUP(D79,[3]Bai2_VuotQua!$D$8:$I$120,6,FALSE),"NY") -> done | H79: =IFERROR(VLOOKUP(D79,[3]Bai3_VuotQua!$D$8:$I$122,6,FALSE),"NY") -> done | I79: =IFERROR(VLOOKUP(D79,[3]Bai4_VuotQua!$D$8:$I$117,6,FALSE),"NY") -> done | J79: =IF(AND(F79="done",G79="done",H79="done",I79="done"),"done all",IF(OR(AND(F79="done",G79="done",H79="done"),AND(F79="done",G79="done",I79="done"),AND(F79="done",H79="done",I79="done"),AND(G79="done",H79="done",I79="done")),"done 3 lession",IF(OR(AND(F79="done",G79="done"),AND(F79="done",H79="done"),AND(F79="done",I79="done"),AND(G79="done",H79="done"),AND(G79="done",I79="done"),AND(H79="done",I79="done")),"done 2 lession",IF(OR(F79="done",G79="done",H79="done",I79="done"),"done 1 lession","NY")))) -> done all | K79: =VLOOKUP($D79,[1]Bai1_View!$E$2:$J$177,5,FALSE) -> HN | L79: =VLOOKUP($D79,[1]Bai1_View!$E$2:$J$177,6,FALSE) -> C. Quy | M79: =IFERROR(VLOOKUP(D79,[2]Hồng!$D$1:$M$21,10,FALSE),0) -> ok
A80: 78 | B80: PHẠM THỊ THU HÀ | C80: nha thuoc tu nhan Duc Cuong | D80: 0964203960 | E80: so 5- A28, phuong nghia tan, P.Nghĩa Tân,Cầu Giấy,Hà Nội | F80: =IFERROR(VLOOKUP(D80,[3]Bai1_VuotQua!$D$8:$I$143,6,FALSE),"NY") -> NY | G80: =IFERROR(VLOOKUP(D80,[3]Bai2_VuotQua!$D$8:$I$120,6,FALSE),"NY") -> NY | H80: =IFERROR(VLOOKUP(D80,[3]Bai3_VuotQua!$D$8:$I$122,6,FALSE),"NY") -> NY | I80: =IFERROR(VLOOKUP(D80,[3]Bai4_VuotQua!$D$8:$I$117,6,FALSE),"NY") -> NY | J80: =IF(AND(F80="done",G80="done",H80="done",I80="done"),"done all",IF(OR(AND(F80="done",G80="done",H80="done"),AND(F80="done",G80="done",I80="done"),AND(F80="done",H80="done",I80="done"),AND(G80="done",H80="done",I80="done")),"done 3 lession",IF(OR(AND(F80="done",G80="done"),AND(F80="done",H80="done"),AND(F80="done",I80="done"),AND(G80="done",H80="done"),AND(G80="done",I80="done"),AND(H80="done",I80="done")),"done 2 lession",IF(OR(F80="done",G80="done",H80="done",I80="done"),"done 1 lession","NY")))) -> NY | K80: =VLOOKUP($D80,[1]Bai1_View!$E$2:$J$177,5,FALSE) -> HN | L80: =VLOOKUP($D80,[1]Bai1_View!$E$2:$J$177,6,FALSE) -> C. Quy | M80: =IFERROR(VLOOKUP(D80,[2]Hồng!$D$1:$M$21,10,FALSE),0) -> 0
A81: 79 | B81: Nguyễn Ngọc Tân | C81: Nhà thuốc DS Nguyễn Thị Vũ Thành | D81: 0358526172 | E81: 106H4, P.Thành Công,Ba Đình,Hà Nội | F81: =IFERROR(VLOOKUP(D81,[3]Bai1_VuotQua!$D$8:$I$143,6,FALSE),"NY") -> done | G81: =IFERROR(VLOOKUP(D81,[3]Bai2_VuotQua!$D$8:$I$120,6,FALSE),"NY") -> done | H81: =IFERROR(VLOOKUP(D81,[3]Bai3_VuotQua!$D$8:$I$122,6,FALSE),"NY") -> done | I81: =IFERROR(VLOOKUP(D81,[3]Bai4_VuotQua!$D$8:$I$117,6,FALSE),"NY") -> done | J81: =IF(AND(F81="done",G81="done",H81="done",I81="done"),"done all",IF(OR(AND(F81="done",G81="done",H81="done"),AND(F81="done",G81="done",I81="done"),AND(F81="done",H81="done",I81="done"),AND(G81="done",H81="done",I81="done")),"done 3 lession",IF(OR(AND(F81="done",G81="done"),AND(F81="done",H81="done"),AND(F81="done",I81="done"),AND(G81="done",H81="done"),AND(G81="done",I81="done"),AND(H81="done",I81="done")),"done 2 lession",IF(OR(F81="done",G81="done",H81="done",I81="done"),"done 1 lession","NY")))) -> done all | K81: =VLOOKUP($D81,[1]Bai1_View!$E$2:$J$177,5,FALSE) -> HN | L81: =VLOOKUP($D81,[1]Bai1_View!$E$2:$J$177,6,FALSE) -> C. Quy | M81: =IFERROR(VLOOKUP(D81,[2]Hồng!$D$1:$M$21,10,FALSE),0) -> 0
A82: 80 | B82: Trương Thị Thanh | C82: NHA THUOC VIFA PHARMACY | D82: 0395170865 | E82: 80/12 BA VAN- P. 14, P.14,Tân Bình,Hồ Chí Minh | F82: =IFERROR(VLOOKUP(D82,[3]Bai1_VuotQua!$D$8:$I$143,6,FALSE),"NY") -> NY | G82: =IFERROR(VLOOKUP(D82,[3]Bai2_VuotQua!$D$8:$I$120,6,FALSE),"NY") -> NY | H82: =IFERROR(VLOOKUP(D82,[3]Bai3_VuotQua!$D$8:$I$122,6,FALSE),"NY") -> NY | I82: =IFERROR(VLOOKUP(D82,[3]Bai4_VuotQua!$D$8:$I$117,6,FALSE),"NY") -> NY | J82: =IF(AND(F82="done",G82="done",H82="done",I82="done"),"done all",IF(OR(AND(F82="done",G82="done",H82="done"),AND(F82="done",G82="done",I82="done"),AND(F82="done",H82="done",I82="done"),AND(G82="done",H82="done",I82="done")),"done 3 lession",IF(OR(AND(F82="done",G82="done"),AND(F82="done",H82="done"),AND(F82="done",I82="done"),AND(G82="done",H82="done"),AND(G82="done",I82="done"),AND(H82="done",I82="done")),"done 2 lession",IF(OR(F82="done",G82="done",H82="done",I82="done"),"done 1 lession","NY")))) -> NY | K82: =VLOOKUP($D82,[1]Bai1_View!$E$2:$J$177,5,FALSE) -> HCM | L82: =VLOOKUP($D82,[1]Bai1_View!$E$2:$J$177,6,FALSE) -> A. Tri | M82: =IFERROR(VLOOKUP(D82,[2]Hồng!$D$1:$M$21,10,FALSE),0) -> 0
A83: 81 | B83: Tô Kim Huệ | C83: NHA THUOC KIM PHỤNG | D83: 0946344242 | E83: 2B KV Thạnh Mỹ, P.Thường Thạnh,Cái Răng,Cần Thơ | F83: =IFERROR(VLOOKUP(D83,[3]Bai1_VuotQua!$D$8:$I$143,6,FALSE),"NY") -> done | G83: =IFERROR(VLOOKUP(D83,[3]Bai2_VuotQua!$D$8:$I$120,6,FALSE),"NY") -> done | H83: =IFERROR(VLOOKUP(D83,[3]Bai3_VuotQua!$D$8:$I$122,6,FALSE),"NY") -> done | I83: =IFERROR(VLOOKUP(D83,[3]Bai4_VuotQua!$D$8:$I$117,6,FALSE),"NY") -> done | J83: =IF(AND(F83="done",G83="done",H83="done",I83="done"),"done all",IF(OR(AND(F83="done",G83="done",H83="done"),AND(F83="done",G83="done",I83="done"),AND(F83="done",H83="done",I83="done"),AND(G83="done",H83="done",I83="done")),"done 3 lession",IF(OR(AND(F83="done",G83="done"),AND(F83="done",H83="done"),AND(F83="done",I83="done"),AND(G83="done",H83="done"),AND(G83="done",I83="done"),AND(H83="done",I83="done")),"done 2 lession",IF(OR(F83="done",G83="done",H83="done",I83="done"),"done 1 lession","NY")))) -> done all | K83: =VLOOKUP($D83,[1]Bai1_View!$E$2:$J$177,5,FALSE) -> Cần Thơ | L83: =VLOOKUP($D83,[1]Bai1_View!$E$2:$J$177,6,FALSE) -> A. Tho | M83: =IFERROR(VLOOKUP(D83,[2]Hồng!$D$1:$M$21,10,FALSE),0) -> 0
A84: 82 | B84: Nguyễn thị lương | C84: Nhà Thuốc Global Tiệp Tươi | D84: 0975384392 | E84: 15b1 , P.Thành Công,Ba Đình,Hà Nội | F84: =IFERROR(VLOOKUP(D84,[3]Bai1_VuotQua!$D$8:$I$143,6,FALSE),"NY") -> done | G84: =IFERROR(VLOOKUP(D84,[3]Bai2_VuotQua!$D$8:$I$120,6,FALSE),"NY") -> done | H84: =IFERROR(VLOOKUP(D84,[3]Bai3_VuotQua!$D$8:$I$122,6,FALSE),"NY") -> done | I84: =IFERROR(VLOOKUP(D84,[3]Bai4_VuotQua!$D$8:$I$117,6,FALSE),"NY") -> done | J84: =IF(AND(F84="done",G84="done",H84="done",I84="done"),"done all",IF(OR(AND(F84="done",G84="done",H84="done"),AND(F84="done",G84="done",I84="done"),AND(F84="done",H84="done",I84="done"),AND(G84="done",H84="done",I84="done")),"done 3 lession",IF(OR(AND(F84="done",G84="done"),AND(F84="done",H84="done"),AND(F84="done",I84="done"),AND(G84="done",H84="done"),AND(G84="done",I84="done"),AND(H84="done",I84="done")),"done 2 lession",IF(OR(F84="done",G84="done",H84="done",I84="done"),"done 1 lession","NY")))) -> done all | K84: HN | L84: C. Quy | M84: =IFERROR(VLOOKUP(D84,[2]Hồng!$D$1:$M$21,10,FALSE),0) -> 0
A85: 83 | B85: Nguyễn Thị Hường | C85: quầy thuốc 89 | D85: 0834377770 | E85: 25 lý tự trọng , P.Tân An,Buôn Ma Thuột,Đắk Lắk | F85: =IFERROR(VLOOKUP(D85,[3]Bai1_VuotQua!$D$8:$I$143,6,FALSE),"NY") -> done | G85: =IFERROR(VLOOKUP(D85,[3]Bai2_VuotQua!$D$8:$I$120,6,FALSE),"NY") -> done | H85: =IFERROR(VLOOKUP(D85,[3]Bai3_VuotQua!$D$8:$I$122,6,FALSE),"NY") -> done | I85: =IFERROR(VLOOKUP(D85,[3]Bai4_VuotQua!$D$8:$I$117,6,FALSE),"NY") -> done | J85: =IF(AND(F85="done",G85="done",H85="done",I85="done"),"done all",IF(OR(AND(F85="done",G85="done",H85="done"),AND(F85="done",G85="done",I85="done"),AND(F85="done",H85="done",I85="done"),AND(G85="done",H85="done",I85="done")),"done 3 lession",IF(OR(AND(F85="done",G85="done"),AND(F85="done",H85="done"),AND(F85="done",I85="done"),AND(G85="done",H85="done"),AND(G85="done",I85="done"),AND(H85="done",I85="done")),"done 2 lession",IF(OR(F85="done",G85="done",H85="done",I85="done"),"done 1 lession","NY")))) -> done all | K85: =VLOOKUP($D85,[1]Bai1_View!$E$2:$J$177,5,FALSE) -> Đăk Lăk | L85: =VLOOKUP($D85,[1]Bai1_View!$E$2:$J$177,6,FALSE) -> A. Tho | M85: =IFERROR(VLOOKUP(D85,[2]Hồng!$D$1:$M$21,10,FALSE),0) -> 0
A86: 84 | B86: biên | C86: nhà thuốc 52 nguyễn trãi | D86: 0368921989 | E86: 52 nguyễn trãi, P.Nhân Chính,Thanh Xuân,Hà Nội | F86: =IFERROR(VLOOKUP(D86,[3]Bai1_VuotQua!$D$8:$I$143,6,FALSE),"NY") -> NY | G86: =IFERROR(VLOOKUP(D86,[3]Bai2_VuotQua!$D$8:$I$120,6,FALSE),"NY") -> done | H86: =IFERROR(VLOOKUP(D86,[3]Bai3_VuotQua!$D$8:$I$122,6,FALSE),"NY") -> done | I86: =IFERROR(VLOOKUP(D86,[3]Bai4_VuotQua!$D$8:$I$117,6,FALSE),"NY") -> NY | J86: =IF(AND(F86="done",G86="done",H86="done",I86="done"),"done all",IF(OR(AND(F86="done",G86="done",H86="done"),AND(F86="done",G86="done",I86="done"),AND(F86="done",H86="done",I86="done"),AND(G86="done",H86="done",I86="done")),"done 3 lession",IF(OR(AND(F86="done",G86="done"),AND(F86="done",H86="done"),AND(F86="done",I86="done"),AND(G86="done",H86="done"),AND(G86="done",I86="done"),AND(H86="done",I86="done")),"done 2 lession",IF(OR(F86="done",G86="done",H86="done",I86="done"),"done 1 lession","NY")))) -> done 2 lession | K86: HN | L86: C. Quy | M86: =IFERROR(VLOOKUP(D86,[2]Hồng!$D$1:$M$21,10,FALSE),0) -> 0
A87: 85 | B87: Lê thị xuân | C87: nhà thuốc chính hãng | D87: 0983797486 | E87: 31 bế văn đàn, P.Quang Trung,Hà Đông,Hà Nội | F87: =IFERROR(VLOOKUP(D87,[3]Bai1_VuotQua!$D$8:$I$143,6,FALSE),"NY") -> NY | G87: =IFERROR(VLOOKUP(D87,[3]Bai2_VuotQua!$D$8:$I$120,6,FALSE),"NY") -> NY | H87: =IFERROR(VLOOKUP(D87,[3]Bai3_VuotQua!$D$8:$I$122,6,FALSE),"NY") -> NY | I87: =IFERROR(VLOOKUP(D87,[3]Bai4_VuotQua!$D$8:$I$117,6,FALSE),"NY") -> NY | J87: =IF(AND(F87="done",G87="done",H87="done",I87="done"),"done all",IF(OR(AND(F87="done",G87="done",H87="done"),AND(F87="done",G87="done",I87="done"),AND(F87="done",H87="done",I87="done"),AND(G87="done",H87="done",I87="done")),"done 3 lession",IF(OR(AND(F87="done",G87="done"),AND(F87="done",H87="done"),AND(F87="done",I87="done"),AND(G87="done",H87="done"),AND(G87="done",I87="done"),AND(H87="done",I87="done")),"done 2 lession",IF(OR(F87="done",G87="done",H87="done",I87="done"),"done 1 lession","NY")))) -> NY | K87: HN | L87: C. Quy | M87: =IFERROR(VLOOKUP(D87,[2]Hồng!$D$1:$M$21,10,FALSE),0) -> 0
A88: 86 | B88: Võ thị thuỳ trinh | C88: nhà thuốc khôi nguyên | D88: 0905360374 | E88: 65 vân đồn, P.Phước Hòa,Nha Trang,Khánh Hòa | F88: =IFERROR(VLOOKUP(D88,[3]Bai1_VuotQua!$D$8:$I$143,6,FALSE),"NY") -> NY | G88: =IFERROR(VLOOKUP(D88,[3]Bai2_VuotQua!$D$8:$I$120,6,FALSE),"NY") -> NY | H88: =IFERROR(VLOOKUP(D88,[3]Bai3_VuotQua!$D$8:$I$122,6,FALSE),"NY") -> NY | I88: =IFERROR(VLOOKUP(D88,[3]Bai4_VuotQua!$D$8:$I$117,6,FALSE),"NY") -> NY | J88: =IF(AND(F88="done",G88="done",H88="done",I88="done"),"done all",IF(OR(AND(F88="done",G88="done",H88="done"),AND(F88="done",G88="done",I88="done"),AND(F88="done",H88="done",I88="done"),AND(G88="done",H88="done",I88="done")),"done 3 lession",IF(OR(AND(F88="done",G88="done"),AND(F88="done",H88="done"),AND(F88="done",I88="done"),AND(G88="done",H88="done"),AND(G88="done",I88="done"),AND(H88="done",I88="done")),"done 2 lession",IF(OR(F88="done",G88="done",H88="done",I88="done"),"done 1 lession","NY")))) -> NY | K88: =VLOOKUP($D88,[1]Bai1_View!$E$2:$J$177,5,FALSE) -> Khánh Hòa | L88: =VLOOKUP($D88,[1]Bai1_View!$E$2:$J$177,6,FALSE) -> A. Tho | M88: =IFERROR(VLOOKUP(D88,[2]Hồng!$D$1:$M$21,10,FALSE),0) -> 0
A89: 87 | B89: Lê Trung Hiếu | C89: Nt Bệnh Viện Thuận An | D89: 0982831858 | E89: Nguyễn Văn Tiết, P.Lái Thiêu,Thuận An,Bình Dương | F89: =IFERROR(VLOOKUP(D89,[3]Bai1_VuotQua!$D$8:$I$143,6,FALSE),"NY") -> NY | G89: =IFERROR(VLOOKUP(D89,[3]Bai2_VuotQua!$D$8:$I$120,6,FALSE),"NY") -> NY | H89: =IFERROR(VLOOKUP(D89,[3]Bai3_VuotQua!$D$8:$I$122,6,FALSE),"NY") -> NY | I89: =IFERROR(VLOOKUP(D89,[3]Bai4_VuotQua!$D$8:$I$117,6,FALSE),"NY") -> NY | J89: =IF(AND(F89="done",G89="done",H89="done",I89="done"),"done all",IF(OR(AND(F89="done",G89="done",H89="done"),AND(F89="done",G89="done",I89="done"),AND(F89="done",H89="done",I89="done"),AND(G89="done",H89="done",I89="done")),"done 3 lession",IF(OR(AND(F89="done",G89="done"),AND(F89="done",H89="done"),AND(F89="done",I89="done"),AND(G89="done",H89="done"),AND(G89="done",I89="done"),AND(H89="done",I89="done")),"done 2 lession",IF(OR(F89="done",G89="done",H89="done",I89="done"),"done 1 lession","NY")))) -> NY | K89: =VLOOKUP($D89,[1]Bai1_View!$E$2:$J$177,5,FALSE) -> Bình Dương | L89: =VLOOKUP($D89,[1]Bai1_View!$E$2:$J$177,6,FALSE) -> A. Tho | M89: =IFERROR(VLOOKUP(D89,[2]Hồng!$D$1:$M$21,10,FALSE),0) -> 0
A90: 88 | B90: Trần thị xuyến | C90: nhà thuốc an xuyên | D90: 0988192916 | E90: 233 đường thanh nhàn , P.Thanh Nhàn,Hai Bà Trưng,Hà Nội | F90: =IFERROR(VLOOKUP(D90,[3]Bai1_VuotQua!$D$8:$I$143,6,FALSE),"NY") -> done | G90: =IFERROR(VLOOKUP(D90,[3]Bai2_VuotQua!$D$8:$I$120,6,FALSE),"NY") -> done | H90: =IFERROR(VLOOKUP(D90,[3]Bai3_VuotQua!$D$8:$I$122,6,FALSE),"NY") -> done | I90: =IFERROR(VLOOKUP(D90,[3]Bai4_VuotQua!$D$8:$I$117,6,FALSE),"NY") -> done | J90: done all | K90: =VLOOKUP($D90,[1]Bai1_View!$E$2:$J$177,5,FALSE) -> HN | L90: =VLOOKUP($D90,[1]Bai1_View!$E$2:$J$177,6,FALSE) -> C. Quy | M90: =IFERROR(VLOOKUP(D90,[2]Hồng!$D$1:$M$21,10,FALSE),0) -> Đã xem và học hết bài
A91: 89 | B91: Hoàng Mỹ Linh | C91: NHÀ THUỐC MINH | D91: 0375231202 | E91: 79 trương Định, P.Trương Định,Hai Bà Trưng,Hà Nội | F91: =IFERROR(VLOOKUP(D91,[3]Bai1_VuotQua!$D$8:$I$143,6,FALSE),"NY") -> done | G91: =IFERROR(VLOOKUP(D91,[3]Bai2_VuotQua!$D$8:$I$120,6,FALSE),"NY") -> done | H91: =IFERROR(VLOOKUP(D91,[3]Bai3_VuotQua!$D$8:$I$122,6,FALSE),"NY") -> done | I91: =IFERROR(VLOOKUP(D91,[3]Bai4_VuotQua!$D$8:$I$117,6,FALSE),"NY") -> done | J91: =IF(AND(F91="done",G91="done",H91="done",I91="done"),"done all",IF(OR(AND(F91="done",G91="done",H91="done"),AND(F91="done",G91="done",I91="done"),AND(F91="done",H91="done",I91="done"),AND(G91="done",H91="done",I91="done")),"done 3 lession",IF(OR(AND(F91="done",G91="done"),AND(F91="done",H91="done"),AND(F91="done",I91="done"),AND(G91="done",H91="done"),AND(G91="done",I91="done"),AND(H91="done",I91="done")),"done 2 lession",IF(OR(F91="done",G91="done",H91="done",I91="done"),"done 1 lession","NY")))) -> done all | K91: =VLOOKUP($D91,[1]Bai1_View!$E$2:$J$177,5,FALSE) -> HN | L91: =VLOOKUP($D91,[1]Bai1_View!$E$2:$J$177,6,FALSE) -> C. Quy | M91: =IFERROR(VLOOKUP(D91,[2]Hồng!$D$1:$M$21,10,FALSE),0) -> ok
A92: 90 | B92: Bui Quang Tri | C92: Hung phat | D92: 0933168858 | E92: 298 Le Van Luong, P.Phước Kiển,Nhà Bè,Hồ Chí Minh | F92: =IFERROR(VLOOKUP(D92,[3]Bai1_VuotQua!$D$8:$I$143,6,FALSE),"NY") -> NY | G92: =IFERROR(VLOOKUP(D92,[3]Bai2_VuotQua!$D$8:$I$120,6,FALSE),"NY") -> NY | H92: =IFERROR(VLOOKUP(D92,[3]Bai3_VuotQua!$D$8:$I$122,6,FALSE),"NY") -> NY | I92: =IFERROR(VLOOKUP(D92,[3]Bai4_VuotQua!$D$8:$I$117,6,FALSE),"NY") -> NY | J92: =IF(AND(F92="done",G92="done",H92="done",I92="done"),"done all",IF(OR(AND(F92="done",G92="done",H92="done"),AND(F92="done",G92="done",I92="done"),AND(F92="done",H92="done",I92="done"),AND(G92="done",H92="done",I92="done")),"done 3 lession",IF(OR(AND(F92="done",G92="done"),AND(F92="done",H92="done"),AND(F92="done",I92="done"),AND(G92="done",H92="done"),AND(G92="done",I92="done"),AND(H92="done",I92="done")),"done 2 lession",IF(OR(F92="done",G92="done",H92="done",I92="done"),"done 1 lession","NY")))) -> NY | K92: =VLOOKUP($D92,[1]Bai1_View!$E$2:$J$177,5,FALSE) -> HCM | L92: =VLOOKUP($D92,[1]Bai1_View!$E$2:$J$177,6,FALSE) -> A. Tri | M92: =IFERROR(VLOOKUP(D92,[2]Hồng!$D$1:$M$21,10,FALSE),0) -> 0
A93: 91 | B93: Nguyễn thị dung | C93: nhà thuốc ngọc thanh | D93: 0358411011 | E93: 74 quang trung, P.Quang Trung,Hà Đông,Hà Nội | F93: =IFERROR(VLOOKUP(D93,[3]Bai1_VuotQua!$D$8:$I$143,6,FALSE),"NY") -> NY | G93: =IFERROR(VLOOKUP(D93,[3]Bai2_VuotQua!$D$8:$I$120,6,FALSE),"NY") -> NY | H93: =IFERROR(VLOOKUP(D93,[3]Bai3_VuotQua!$D$8:$I$122,6,FALSE),"NY") -> NY | I93: =IFERROR(VLOOKUP(D93,[3]Bai4_VuotQua!$D$8:$I$117,6,FALSE),"NY") -> NY | J93: =IF(AND(F93="done",G93="done",H93="done",I93="done"),"done all",IF(OR(AND(F93="done",G93="done",H93="done"),AND(F93="done",G93="done",I93="done"),AND(F93="done",H93="done",I93="done"),AND(G93="done",H93="done",I93="done")),"done 3 lession",IF(OR(AND(F93="done",G93="done"),AND(F93="done",H93="done"),AND(F93="done",I93="done"),AND(G93="done",H93="done"),AND(G93="done",I93="done"),AND(H93="done",I93="done")),"done 2 lession",IF(OR(F93="done",G93="done",H93="done",I93="done"),"done 1 lession","NY")))) -> NY | K93: HN | L93: C. Quy | M93: =IFERROR(VLOOKUP(D93,[2]Hồng!$D$1:$M$21,10,FALSE),0) -> 0
A94: 92 | B94: Lê thị giang | C94: nhà thuốc 22 | D94: 0968325991 | E94: 184 phùng hưng, P.Phúc La,Hà Đông,Hà Nội | F94: =IFERROR(VLOOKUP(D94,[3]Bai1_VuotQua!$D$8:$I$143,6,FALSE),"NY") -> NY | G94: =IFERROR(VLOOKUP(D94,[3]Bai2_VuotQua!$D$8:$I$120,6,FALSE),"NY") -> NY | H94: =IFERROR(VLOOKUP(D94,[3]Bai3_VuotQua!$D$8:$I$122,6,FALSE),"NY") -> NY | I94: =IFERROR(VLOOKUP(D94,[3]Bai4_VuotQua!$D$8:$I$117,6,FALSE),"NY") -> NY | J94: =IF(AND(F94="done",G94="done",H94="done",I94="done"),"done all",IF(OR(AND(F94="done",G94="done",H94="done"),AND(F94="done",G94="done",I94="done"),AND(F94="done",H94="done",I94="done"),AND(G94="done",H94="done",I94="done")),"done 3 lession",IF(OR(AND(F94="done",G94="done"),AND(F94="done",H94="done"),AND(F94="done",I94="done"),AND(G94="done",H94="done"),AND(G94="done",I94="done"),AND(H94="done",I94="done")),"done 2 lession",IF(OR(F94="done",G94="done",H94="done",I94="done"),"done 1 lession","NY")))) -> NY | K94: HN | L94: C. Quy | M94: =IFERROR(VLOOKUP(D94,[2]Hồng!$D$1:$M$21,10,FALSE),0) -> 0
A95: 93 | B95: Nguyễn Thị Thanh Thúy | C95: quầy Thanh Thúy (quầy 1196) | D95: 0982601483 | E95: 8/10b, đường Huỳnh Văn Nghệ, P.Bửu Long,Biên Hòa,Đồng Nai | F95: =IFERROR(VLOOKUP(D95,[3]Bai1_VuotQua!$D$8:$I$143,6,FALSE),"NY") -> done | G95: =IFERROR(VLOOKUP(D95,[3]Bai2_VuotQua!$D$8:$I$120,6,FALSE),"NY") -> done | H95: =IFERROR(VLOOKUP(D95,[3]Bai3_VuotQua!$D$8:$I$122,6,FALSE),"NY") -> done | I95: =IFERROR(VLOOKUP(D95,[3]Bai4_VuotQua!$D$8:$I$117,6,FALSE),"NY") -> done | J95: =IF(AND(F95="done",G95="done",H95="done",I95="done"),"done all",IF(OR(AND(F95="done",G95="done",H95="done"),AND(F95="done",G95="done",I95="done"),AND(F95="done",H95="done",I95="done"),AND(G95="done",H95="done",I95="done")),"done 3 lession",IF(OR(AND(F95="done",G95="done"),AND(F95="done",H95="done"),AND(F95="done",I95="done"),AND(G95="done",H95="done"),AND(G95="done",I95="done"),AND(H95="done",I95="done")),"done 2 lession",IF(OR(F95="done",G95="done",H95="done",I95="done"),"done 1 lession","NY")))) -> done all | K95: =VLOOKUP($D95,[1]Bai1_View!$E$2:$J$177,5,FALSE) -> Đồng Nai | L95: =VLOOKUP($D95,[1]Bai1_View!$E$2:$J$177,6,FALSE) -> A. Tho | M95: =IFERROR(VLOOKUP(D95,[2]Hồng!$D$1:$M$21,10,FALSE),0) -> 0
A96: 94 | B96: Cẩm Tú | C96: Nhà thuốc Cẩm Tú | D96: 0913608415 | E96: 69A Nguyễn Văn Linh, P.Mỹ Phước,Long Xuyên,An Giang | F96: =IFERROR(VLOOKUP(D96,[3]Bai1_VuotQua!$D$8:$I$143,6,FALSE),"NY") -> NY | G96: =IFERROR(VLOOKUP(D96,[3]Bai2_VuotQua!$D$8:$I$120,6,FALSE),"NY") -> NY | H96: =IFERROR(VLOOKUP(D96,[3]Bai3_VuotQua!$D$8:$I$122,6,FALSE),"NY") -> NY | I96: =IFERROR(VLOOKUP(D96,[3]Bai4_VuotQua!$D$8:$I$117,6,FALSE),"NY") -> NY | J96: =IF(AND(F96="done",G96="done",H96="done",I96="done"),"done all",IF(OR(AND(F96="done",G96="done",H96="done"),AND(F96="done",G96="done",I96="done"),AND(F96="done",H96="done",I96="done"),AND(G96="done",H96="done",I96="done")),"done 3 lession",IF(OR(AND(F96="done",G96="done"),AND(F96="done",H96="done"),AND(F96="done",I96="done"),AND(G96="done",H96="done"),AND(G96="done",I96="done"),AND(H96="done",I96="done")),"done 2 lession",IF(OR(F96="done",G96="done",H96="done",I96="done"),"done 1 lession","NY")))) -> NY | K96: =VLOOKUP($D96,[1]Bai1_View!$E$2:$J$177,5,FALSE) -> An Giang | L96: =VLOOKUP($D96,[1]Bai1_View!$E$2:$J$177,6,FALSE) -> A. Tho | M96: =IFERROR(VLOOKUP(D96,[2]Hồng!$D$1:$M$21,10,FALSE),0) -> 0
A97: 95 | B97: Trần Phương Thanh | C97: nhà thuốc Thanh Tâm | D97: 0972629129 | E97: 504 Minh Khai, P.Vĩnh Tuy,Hai Bà Trưng,Hà Nội | F97: =IFERROR(VLOOKUP(D97,[3]Bai1_VuotQua!$D$8:$I$143,6,FALSE),"NY") -> NY | G97: =IFERROR(VLOOKUP(D97,[3]Bai2_VuotQua!$D$8:$I$120,6,FALSE),"NY") -> NY | H97: =IFERROR(VLOOKUP(D97,[3]Bai3_VuotQua!$D$8:$I$122,6,FALSE),"NY") -> NY | I97: =IFERROR(VLOOKUP(D97,[3]Bai4_VuotQua!$D$8:$I$117,6,FALSE),"NY") -> NY | J97: =IF(AND(F97="done",G97="done",H97="done",I97="done"),"done all",IF(OR(AND(F97="done",G97="done",H97="done"),AND(F97="done",G97="done",I97="done"),AND(F97="done",H97="done",I97="done"),AND(G97="done",H97="done",I97="done")),"done 3 lession",IF(OR(AND(F97="done",G97="done"),AND(F97="done",H97="done"),AND(F97="done",I97="done"),AND(G97="done",H97="done"),AND(G97="done",I97="done"),AND(H97="done",I97="done")),"done 2 lession",IF(OR(F97="done",G97="done",H97="done",I97="done"),"done 1 lession","NY")))) -> NY | K97: =VLOOKUP($D97,[1]Bai1_View!$E$2:$J$177,5,FALSE) -> HN | L97: =VLOOKUP($D97,[1]Bai1_View!$E$2:$J$177,6,FALSE) -> C. Quy | M97: =IFERROR(VLOOKUP(D97,[2]Hồng!$D$1:$M$21,10,FALSE),0) -> k kịp tham gia
A98: 96 | B98: Đoàn thị bé | C98: nt thư phát | D98: 0934031747 | E98: Huỳnh văn nghệ, P.Bửu Long,Biên Hòa,Đồng Nai | F98: =IFERROR(VLOOKUP(D98,[3]Bai1_VuotQua!$D$8:$I$143,6,FALSE),"NY") -> done | G98: =IFERROR(VLOOKUP(D98,[3]Bai2_VuotQua!$D$8:$I$120,6,FALSE),"NY") -> done | H98: =IFERROR(VLOOKUP(D98,[3]Bai3_VuotQua!$D$8:$I$122,6,FALSE),"NY") -> done | I98: =IFERROR(VLOOKUP(D98,[3]Bai4_VuotQua!$D$8:$I$117,6,FALSE),"NY") -> done | J98: =IF(AND(F98="done",G98="done",H98="done",I98="done"),"done all",IF(OR(AND(F98="done",G98="done",H98="done"),AND(F98="done",G98="done",I98="done"),AND(F98="done",H98="done",I98="done"),AND(G98="done",H98="done",I98="done")),"done 3 lession",IF(OR(AND(F98="done",G98="done"),AND(F98="done",H98="done"),AND(F98="done",I98="done"),AND(G98="done",H98="done"),AND(G98="done",I98="done"),AND(H98="done",I98="done")),"done 2 lession",IF(OR(F98="done",G98="done",H98="done",I98="done"),"done 1 lession","NY")))) -> done all | K98: =VLOOKUP($D98,[1]Bai1_View!$E$2:$J$177,5,FALSE) -> Đồng Nai | L98: =VLOOKUP($D98,[1]Bai1_View!$E$2:$J$177,6,FALSE) -> A. Tho | M98: =IFERROR(VLOOKUP(D98,[2]Hồng!$D$1:$M$21,10,FALSE),0) -> 0
A99: 97 | B99: Nguyễn thị trang | C99: nhà thuốc minh tiến | D99: 0982028315 | E99: 5 nguyễn quý đức, P.Thanh Xuân Bắc,Thanh Xuân,Hà Nội | F99: =IFERROR(VLOOKUP(D99,[3]Bai1_VuotQua!$D$8:$I$143,6,FALSE),"NY") -> done | G99: =IFERROR(VLOOKUP(D99,[3]Bai2_VuotQua!$D$8:$I$120,6,FALSE),"NY") -> done | H99: =IFERROR(VLOOKUP(D99,[3]Bai3_VuotQua!$D$8:$I$122,6,FALSE),"NY") -> done | I99: =IFERROR(VLOOKUP(D99,[3]Bai4_VuotQua!$D$8:$I$117,6,FALSE),"NY") -> done | J99: =IF(AND(F99="done",G99="done",H99="done",I99="done"),"done all",IF(OR(AND(F99="done",G99="done",H99="done"),AND(F99="done",G99="done",I99="done"),AND(F99="done",H99="done",I99="done"),AND(G99="done",H99="done",I99="done")),"done 3 lession",IF(OR(AND(F99="done",G99="done"),AND(F99="done",H99="done"),AND(F99="done",I99="done"),AND(G99="done",H99="done"),AND(G99="done",I99="done"),AND(H99="done",I99="done")),"done 2 lession",IF(OR(F99="done",G99="done",H99="done",I99="done"),"done 1 lession","NY")))) -> done all | K99: HN | L99: C. Quy | M99: =IFERROR(VLOOKUP(D99,[2]Hồng!$D$1:$M$21,10,FALSE),0) -> 0
A100: 98 | B100: Nguyễn Thị An | C100: Nhà Thuốc Tuệ Minh | D100: 03989999 | E100: 278A Khương Trung, P.Khương Trung,Thanh Xuân,Hà Nội | F100: =IFERROR(VLOOKUP(D100,[3]Bai1_VuotQua!$D$8:$I$143,6,FALSE),"NY") -> NY | G100: =IFERROR(VLOOKUP(D100,[3]Bai2_VuotQua!$D$8:$I$120,6,FALSE),"NY") -> NY | H100: =IFERROR(VLOOKUP(D100,[3]Bai3_VuotQua!$D$8:$I$122,6,FALSE),"NY") -> NY | I100: =IFERROR(VLOOKUP(D100,[3]Bai4_VuotQua!$D$8:$I$117,6,FALSE),"NY") -> NY | J100: =IF(AND(F100="done",G100="done",H100="done",I100="done"),"done all",IF(OR(AND(F100="done",G100="done",H100="done"),AND(F100="done",G100="done",I100="done"),AND(F100="done",H100="done",I100="done"),AND(G100="done",H100="done",I100="done")),"done 3 lession",IF(OR(AND(F100="done",G100="done"),AND(F100="done",H100="done"),AND(F100="done",I100="done"),AND(G100="done",H100="done"),AND(G100="done",I100="done"),AND(H100="done",I100="done")),"done 2 lession",IF(OR(F100="done",G100="done",H100="done",I100="done"),"done 1 lession","NY")))) -> NY | K100: HN | L100: C. Quy | M100: =IFERROR(VLOOKUP(D100,[2]Hồng!$D$1:$M$21,10,FALSE),0) -> 0
...

Sheet Sheet2
A3: Kết quả | B3: ASM
B4: A Tuấn | C4: A Thọ | D4: A Trí | E4: C. Quý | F4: Tổng số
A5: Hoàn thành 1 bài | B5: 1 | C5: 14 | D5: 7 | E5: 14 | F5: 36
A6: Hoàn thành 2 bài | B6: 1 | C6: 6 | D6: 4 | E6: 12 | F6: 23
A7: Hoàn thành 3 bài | C7: 3 | D7: 3 | E7: 7 | F7: 13
A8: Hoàn thành tất cả | C8: 34 | D8: 12 | E8: 27 | F8: 73
A9: Không hoàn thành | B9: 9 | C9: 26 | D9: 47 | E9: 44 | F9: 126
A10: Tổng số | B10: 11 | C10: 83 | D10: 73 | E10: 104 | F10: 271

Sheet Danh sach hoàn thành
A1: STT | B1: Họ và Tên | C1: Tên nhà thuốc | D1: Số điện thoại | E1: Địa chỉ | F1: Bài 1 | G1: Bài 2 | H1: Bài 3 | I1: Bài 4 | J1: Results | K1: Khu vuc | L1: ASM
A2: 1 | B2: Phan thị Huệ | C2: nhà thuốc Đức cường | D2: 0362225885 | E2: 35 cũ nay 251 Trần Đại Nghĩa, P.Đồng Tâm,Hai Bà Trưng,Hà Nội | F2: done | G2: done | H2: done | I2: done | J2: done all | K2: HN | L2: C. Quy
A3: 2 | B3: Lê Thu Hà | C3: NT Ngân Hà | D3: 0937234829 | E3: Cong quynh, P.Phạm Ngũ Lão,Quận 1,Hồ Chí Minh | F3: done | G3: done | H3: done | I3: done | J3: done all | K3: HCM | L3: A. Tri
A4: 3 | B4: Vn-Location-3839 | C4: NT Ngọc Việt | D4: 0902117077 | E4: 198 Xã Đàn, P.Ô Chợ Dừa,Đống Đa,Hà Nội | F4: done | G4: done | H4: done | I4: done | J4: done all | K4: HN | L4: C. Quy
A5: 4 | B5: Vũ Hồng Mỹ | C5: Nhà thuốc Long | D5: 0903325275 | E5: 12, P.Đội Cấn,Ba Đình,Hà Nội | F5: done | G5: done | H5: done | I5: done | J5: done all | K5: HN | L5: C. Quy
A6: 5 | B6: NGUYỄN KHẮC QUỐC ĐẠT | C6: NHÀ THUỐC BẢO THI 3 | D6: 0907089624 | E6: 79D4, Khu Vực Thạnh Mỹ, P.Thường Thạnh,Cái Răng,Cần Thơ | F6: done | G6: done | H6: done | I6: done | J6: done all | K6: Cần Thơ | L6: A. Tho
A7: 6 | B7: Loan | C7: test | D7: 0766855066 | E7: 178, P.Tân An,Ninh Kiều,Cần Thơ | F7: done | G7: done | H7: done | I7: done | J7: done all | K7: Cần Thơ | L7: A. Tho
A8: 7 | B8: Phạm Thị Mơ | C8: nhà thuốc Anh Tuấn | D8: 0986190286 | E8: 204 hồng mai, P.Quỳnh Lôi,Hai Bà Trưng,Hà Nội | F8: done | G8: done | H8: done | I8: done | J8: done all | K8: HN | L8: C. Quy
A9: 8 | B9: C Hằng | C9: NT Thanh Binh | D9: 0374635903 | E9: 14 Trần Nhân Tông, P.Nguyễn Du,Hai Bà Trưng,Hà Nội | F9: done | G9: done | H9: done | I9: done | J9: done all | K9: HN | L9: C. Quy
A10: 9 | B10: Ngô Thi Lâm Thuân | C10: NT BAO KHOI | D10: 0908412436 | E10: 702 HUONG LO 2, P. BINH TRI DONG A, P.Bình Hưng Hòa,Bình Tân,Hồ Chí Minh | F10: done | G10: done | H10: done | I10: done | J10: done all | K10: HCM | L10: A. Tri
A11: 10 | B11: Ngô thị Yến | C11: nhà thuốc Nguyễn thị kim liên | D11: 0398019788 | E11: Số 72 phố Trần Bình, P.Mai Dịch,Cầu Giấy,Hà Nội | F11: done | G11: done | H11: done | I11: done | J11: done all | K11: HN | L11: C. Quy
A12: 11 | B12: Âu Chí Kiên | C12: Nhà Thuốc Phương Thảo | D12: 0938980689 | E12: 08 lô C Mạc Thiên Tích , P.11,Quận 5,Hồ Chí Minh | F12: done | G12: done | H12: done | I12: done | J12: done all | K12: HCM | L12: A. Tri
A13: 12 | B13: Thái thị huệ | C13: nhà thuốc DS Vu Van Thu | D13: 0982600388 | E13: 81B xuân diệu, P.Quảng An,Tây Hồ,Hà Nội | F13: done | G13: done | H13: done | I13: done | J13: done all | K13: HN | L13: C. Quy
... A88: 87 | B88: huynh thi cam loan | C88: Nha Thuoc Hai Binh | D88: 0934087637 | E88: 257B Nguyen Bieu- P. 2, P.02,Quận 5,Hồ Chí Minh | F88: done | G88: done | H88: done | I88: done | J88: done all | K88: HCM | L88: A. Tri
A89: 88 | D89: 0967140666 | E89: 15 Yên Lạc, Hà Nội | F89: done | G89: done | H89: done | I89: done | J89: done all | K89: HN | L89: C. Quy
A90: 89 | D90: 0902213933 | E90: 70 Hồng Mai, Hà Nội | F90: done | G90: done | H90: done | I90: done | J90: done all | K90: HN | L90: C. Quy
A91: 90 | B91: Trần Thanh Thanh | C91: NHA THUOC PHUONG NHI | D91: 0903452774 | E91: 43A PHAN XÍCH LONG, PHƯỜNG 2, QUẬN PHÚ NHUẬN, TP.HCM, P.02,Phú Nhuận,Hồ Chí Minh | F91: done | G91: done | H91: done | I91: done | J91: done all | K91: HCM | L91: A. Tri
A92: 91 | B92: Nguyễn Thị Thẳng | C92: Nt anh tu | D92: 0379175142 | E92: 299 phan xich long p1 Q PN, P.01,Phú Nhuận,Hồ Chí Minh | F92: done | G92: done | H92: done | I92: done | J92: done all | K92: HCM | L92: A. Tri
A93: 92 | B93: Vnlocation8099 | C93: nt yen lac 19 | D93: 0942419868 | E93: 21 yen lac, P.Vĩnh Tuy,Hai Bà Trưng,Hà Nội | F93: done | G93: done | H93: done | I93: done | J93: done all | K93: HN | L93: C. Quy
